"83","8","DS9147"
"84","8","DS9139"
"85","8","DS9141"
"86","8","DS9144"
"87","8","DS9150"
"88","8","DS9148"
"89","8","DS9149"
"90","8","DS9140"
"91","8","DS9145"
"92","8","DS9146"
"93","8","DS9138"
"94","9","0610"
"95","9","1410"
"96","10","0610"
"97","10","1410"
"98","11","0610"
"99","11","1410"
"100","12","0610"
"101","12","1410"
"102","13","0610"
"103","13","1410"
"104","14","DS230135"
"105","14","DS230139"
"106","15","DS230167"
"107","15","DS230168"
"108","15","DS230174"
"109","15","DS230175"
"110","15","DS230176"
"111","15","DS230177"
"112","15","DS230178"
"113","15","DS230185"
"114","15","DS230186"
"115","15","DS230187"
"116","15","DS230188"
"117","15","DS230189"
"118","16","5101"
"119","16","5201"
"120","16","5301"
"121","17","1310"
"122","18","NS378661"
"324","22","2041"
"325","22","4120"
"326","22","2042"
"327","22","4220"
"328","22","2043"
"329","22","4320"
"330","23","NS379294"
"331","24","0717"
"332","24","0817"
"333","24","1917"
"334","24","2217"
"335","25","1317"
"336","26","0917"
"337","27","0117"
"338","27","0217"
"339","27","0517"
"340","27","0617"
"341","27","1017"
"342","27","1117"
"343","27","1217"
"344","27","1417"
"345","27","1517"
"346","27","1617"
"347","28","DS1532"
"348","28","DS1535"
"349","29","DS1532"
"350","29","DS1535"
"351","30","3113"
"352","30","3213"
"353","30","3313"
"354","30","3413"
"355","30","3513"
"356","30","3613"
"357","30","3713"
"358","30","3813"
"359","30","3913"
"360","31","DS1478"
"361","31","DS1479"
"362","31","DS1480"
"363","31","DS1481"
"364","31","DS1482"
"365","31","DS1483"
"366","32","0713"
"367","32","0813"
"368","32","0913"
"369","32","1013"
"370","32","1113"
"371","32","1213"
"372","32","1313"
"373","32","1413"
"374","32","1513"
"375","32","1613"
"376","32","1713"
"377","32","1813"
"378","32","1913"
"379","32","2013"
"380","32","2913"
"381","33","NS378610"
"382","33","NS378611"
"383","33","NS378612"
"384","33","NS378613"
"385","33","NS378614"
"386","33","NS378615"
"387","33","NS378616"
"388","33","NS378617"
"389","33","NS378618"
"390","33","NS378619"
"391","33","NS378620"
"392","33","NS378621"
"393","33","NS378623"
"394","33","NS378624"
"395","33","NS378625"
"396","33","NS378626"
"397","33","NS378627"
"398","33","NS378628"
"399","33","NS378629"
"400","33","NS378630"
"401","33","NS378632"
"402","33","NS378633"
"403","33","NS378634"
"404","33","NS378635"
"405","33","NS378636"
"406","33","NS378637"
"407","33","NS378638"
"408","33","NS378639"
"409","33","NS378640"
"410","33","NS378641"
"411","33","NS378642"
"412","33","NS378643"
"413","33","NS378644"
"414","33","NS378645"
"415","33","NS378646"
"416","33","NS378647"
"417","33","NS378648"
"418","33","NS378649"
"419","33","NS378651"
"420","33","NS378652"
"421","33","NS378653"
"422","33","NS378654"
"423","33","NS378656"
"424","33","NS378657"
"425","33","NS378658"
"426","34","1724"
"427","34","1824"
"428","34","2024"
"429","34","2224"
"430","34","2924"
"431","34","3624"
"434","36","DS230192"
"435","36","DS230193"
"436","36","DS230194"
"437","36","DS230195"
"438","37","1111"
"439","37","14A11"
"440","37","14B11"
"441","37","15B11"
"442","38","NS394726"
"443","38","NS394727"
"444","38","NS394728"
"445","38","NS394729"
"446","39","NS394727"
"447","39","NS394728"
"448","39","NS398980"
"449","39","NS398981"
"450","39","NS398982"
"451","39","NS398983"
"452","39","NS398984"
"453","40","1406"
"454","40","1506"
"455","40","1606"
"456","40","1706"
"457","40","4013"
"458","40","4113"
"459","40","4213"
"460","40","4613"
"461","40","4713"
"462","40","4813"
"463","40","4913"
"464","40","5013"
"465","40","5213"
"466","40","5113"
"467","41","DS9180"
"468","41","DS9181"
"469","41","DS9182"
"470","41","01011"
"471","41","02011"
"472","41","03011"
"473","41","04011"
"474","41","05011"
"475","41","06011"
"476","41","07011"
"477","41","08011"
"478","41","09011"
"479","41","10011"
"480","41","11011"
"481","41","12011"
"482","41","13011"
"483","42","5401"
"484","42","1234"
"485","42","1334"
"486","42","1434"
"487","42","1534"
"488","42","1634"
"489","42","1734"
"490","42","1834"
"491","42","1934"
"492","42","2034"
"493","42","2134"
"494","42","2234"
"495","42","2334"
"496","42","2434"
"497","42","2534"
"498","42","2634"
"499","42","2834"
"500","42","2934"
"501","42","3134"
"502","42","3234"
"503","42","3334"
"504","42","3534"
"505","42","3634"
"506","42","3734"
"507","42","3834"
"508","42","3934"
"509","42","4034"
"556","43","0133"
"557","43","0333"
"558","43","0433"
"559","43","0533"
"560","43","0633"
"561","43","0733"
"562","43","0833"
"563","43","0933"
"564","43","1033"
"565","43","1133"
"566","43","1233"
"567","43","1333"
"568","43","1433"
"569","43","1533"
"570","43","1633"
"571","43","1733"
"572","43","1833"
"573","43","1933"
"574","43","2033"
"575","43","2133"
"576","43","2233"
"577","43","2433"
"578","43","2533"
"579","43","2633"
"580","43","2833"
"581","43","2933"
"582","43","3133"
"583","43","3233"
"584","43","3333"
"585","43","3433"
"586","43","3533"
"587","43","3633"
"588","43","3733"
"589","43","3833"
"590","43","3933"
"591","43","0134"
"592","43","0234"
"593","43","0334"
"594","43","0434"
"595","43","0534"
"596","43","0634"
"597","43","0734"
"598","43","0834"
"599","43","0934"
"600","43","1034"
"601","43","1134"
"631","46","DS230179"
"632","46","DS230180"
"633","46","DS230182"
"634","46","DS230183"
"635","46","DS230184"
"636","47","901"
"637","47","0106"
"638","47","902"
"639","47","0206"
"640","47","903"
"641","47","0306"
"642","47","905"
"643","47","0406"
"644","47","906"
"645","47","0506"
"646","47","37"
"647","47","0606"
"648","47","41"
"649","47","0706"
"650","47","38-1"
"651","47","0806"
"652","47","009"
"653","47","0906"
"654","47","48"
"655","47","3306"
"656","47","8005"
"657","47","4106"
"658","47","2922"
"659","47","4206"
"660","47","80216"
"661","47","4306"
"662","47","3848-26"
"663","47","5206"
"664","47","0720"
"665","47","1017"
"666","47","0721"
"667","47","118"
"668","47","0722"
"669","47","1019"
"670","47","0724"
"671","47","1021"
"672","47","0725"
"673","47","1022"
"674","47","0726"
"675","47","1023"
"676","47","0729"
"677","47","1026"
"678","47","0731"
"679","47","1028"
"680","47","0802"
"681","47","0208"
"682","47","0810"
"683","47","1008"
"684","47","0811"
"685","47","1108"
"686","47","0812"
"687","47","1208"
"688","47","0813"
"689","47","1308"
"690","47","0814"
"691","47","1408"
"692","47","2105"
"693","47","0521"
"694","47","2106"
"695","47","0621"
"696","47","2107"
"697","47","2108"
"698","47","0821"
"699","47","2109"
"700","47","0921"
"701","47","2110"
"702","47","2111"
"703","47","1121"
"704","47","2112"
"705","47","1221"
"706","48","DS230161"
"711","50","0132"
"712","50","0232"
"713","50","0332"
"714","50","0432"
"715","50","0532"
"716","50","0632"
"717","50","0732"
"718","50","2232"
"719","51","0832"
"720","51","0932"
"721","51","1032"
"722","51","1132"
"723","51","1232"
"724","51","1332"
"725","51","1432"
"726","51","1532"
"727","51","1632"
"728","51","1732"
"729","51","1832"
"730","51","1932"
"731","51","2032"
"732","51","2132"
"733","52","8132"
"734","52","DS9195"
"735","53","NS378609"
"736","53","NS378610"
"737","53","NS378611"
"738","53","NS378612"
"739","53","NS378614"
"740","53","NS378615"
"741","53","NS378619"
"742","53","NS378620"
"743","53","NS378621"
"744","53","NS378623"
"745","53","NS378624"
"746","53","NS378625"
"747","53","NS378626"
"748","53","NS378627"
"749","53","NS378628"
"750","53","NS378629"
"751","53","NS378630"
"752","53","NS378632"
"753","53","NS378633"
"754","53","NS378634"
"755","53","NS378635"
"756","53","NS378636"
"757","53","NS378637"
"758","53","NS378638"
"759","53","NS378639"
"760","53","NS378640"
"761","53","NS378641"
"762","53","NS378642"
"763","53","NS378643"
"764","53","NS378644"
"765","53","NS378645"
"766","53","NS378646"
"767","53","NS378647"
"768","53","NS378649"
"769","53","NS378651"
"770","53","NS378652"
"771","53","NS378653"
"772","53","NS378654"
"773","53","NS378656"
"774","53","NS378657"
"775","53","NS378658"
"778","55","CH20297"
"779","55","CH20298"
"780","55","CH20134"
"781","55","CH20135"
"787","57","EN1261"
"788","58","NS378110"
"789","58","NS378113"
"790","58","NS378117"
"791","58","NS378761"
"792","58","NS378762"
"793","58","NS378764"
"794","58","NS378765"
"802","60","NS378744"
"803","60","NS378799"
"804","60","NS378800"
"805","60","NS378801"
"806","60","NS378802"
"807","60","NS378803"
"808","60","NS378804"
"809","60","NS378805"
"810","60","NS378806"
"811","61","NS377766"
"812","61","NS377771"
"813","61","NS377787"
"814","61","NS377788"
"815","61","NS377789"
"816","61","NS377790"
"817","61","NS377975"
"818","61","NS377976"
"819","61","NS377977"
"820","61","NS377978"
"821","61","NS377979"
"822","61","NS377981"
"823","61","NS377982"
"824","61","NS377983"
"825","61","NS377984"
"826","61","NS377989"
"827","61","NS399735"
"828","61","NS399736"
"829","62","NS377762"
"830","62","NS377763"
"831","62","NS377765"
"832","62","NS377764"
"833","62","NS377767"
"834","62","NS377768"
"835","62","NS377770"
"836","62","NS377781"
"837","62","NS377782"
"860","64","NS377762"
"861","64","NS377763"
"862","64","NS377764"
"863","64","NS377765"
"864","64","NS377767"
"865","64","NS377768"
"866","64","NS377770"
"867","64","NS377781"
"868","64","NS377782"
"869","65","NS377769"
"870","65","NS377772"
"871","65","NS377773"
"872","65","NS377775"
"873","65","NS377776"
"874","65","NS377779"
"875","65","NS377780"
"876","66","NS394730"
"909","68","DS9017"
"910","68","DS9018"
"911","68","890B"
"912","68","890G"
"913","68","220GB"
"914","68","2312"
"915","68","247"
"916","68","103"
"917","68","106B"
"918","68","1209"
"919","68","69991"
"920","68","69992"
"921","68","DS9142"
"922","68","DS9143"
"923","68","DS9151"
"924","68","DS9152"
"925","68","DS9155"
"947","69","NS377949"
"948","69","NS377950"
"949","69","NS377951"
"950","69","NS377952"
"951","69","NS377953"
"952","69","NS377954"
"953","69","NS377955"
"954","69","NS377956"
"955","69","NS377957"
"956","69","NS377958"
"957","69","NS377959"
"958","69","NS377960"
"959","69","NS377961"
"960","69","NS377962"
"961","69","NS377963"
"962","69","NS377964"
"963","69","NS377965"
"964","69","NS377966"
"965","69","NS377967"
"966","69","NS377968"
"967","69","NS377969"
"968","69","NS377970"
"969","69","NS377971"
"970","69","NS377972"
"971","69","NS377973"
"972","69","NS377974"
"973","69","NS377991"
"974","69","NS377992"
"975","69","NS377993"
"976","69","NS377994"
"977","69","NS377995"
"978","69","NS377996"
"979","69","NS377998"
"980","69","NS377999"
"981","69","NS378000"
"1175","63","NS378046"
"1176","63","NS378047"
"1177","63","NS378048"
"1178","63","NS378049"
"1179","63","NS378050"
"1180","63","NS378063"
"1198","70","NS379319"
"1199","70","NS379320"
"1200","70","NS379321"
"1201","70","NS379322"
"1202","70","NS379323"
"1254","74","DS1147"
"1255","74","DS1148"
"1256","74","DS1149"
"1257","74","DS1150"
"1258","74","DS1153"
"1259","74","DS1154"
"1260","74","DS1156"
"1261","75","G116-101"
"1262","76","0701"
"1263","76","0107"
"1264","76","0702"
"1265","76","207"
"1266","76","0703"
"1267","76","0307"
"1268","76","0704"
"1269","76","0407"
"1270","76","0705"
"1271","76","0507"
"1272","76","0706"
"1273","76","0607"
"1274","76","0707"
"1275","76","0708"
"1276","76","0807"
"1277","76","0709"
"1278","76","0907"
"1279","76","0710"
"1280","76","1007"
"1281","76","0711"
"1282","76","1008"
"1283","76","0716"
"1284","76","1013"
"1285","76","0717"
"1286","76","1014"
"1287","76","0718"
"1288","76","1015"
"1289","76","0719"
"1290","76","1016"
"1291","76","0730"
"1292","76","1027"
"1293","76","0732"
"1294","76","1029"
"1295","76","0733"
"1296","76","1030"
"1297","76","0734"
"1298","76","1031"
"1299","76","0735"
"1300","76","1032"
"1301","76","0736"
"1302","76","1033"
"1303","76","0737"
"1304","76","1034"
"1305","76","0738"
"1306","76","1035"
"1307","76","0741"
"1308","76","1038"
"1309","76","0742"
"1310","76","1039"
"1311","76","0743"
"1312","76","1040"
"1313","76","0744"
"1314","76","1041"
"1315","76","0745"
"1316","76","1042"
"1317","76","1043"
"1318","77","NS378730"
"1319","77","NS378731"
"1320","77","NS378732"
"1321","77","NS378733"
"1322","77","NS378734"
"1323","77","NS378735"
"1324","77","NS378766"
"1325","77","NS378768"
"1326","77","NS378769"
"1327","77","NS378771"
"1328","77","NS378772"
"1371","79","4001"
"1372","79","4002"
"1373","79","4003"
"1374","79","4004"
"1375","79","4005"
"1376","79","4006"
"1377","79","4007"
"1378","79","4008"
"1379","79","4009"
"1380","79","4010"
"1381","79","4011"
"1382","79","4012"
"1383","79","4013"
"1384","79","4014"
"1385","79","4015"
"1386","79","4016"
"1387","79","4017"
"1388","79","4018"
"1389","79","4019"
"1390","79","401"
"1391","80","4001"
"1392","80","4002"
"1393","80","4003"
"1394","80","4004"
"1395","80","4005"
"1396","80","4006"
"1397","80","4007"
"1398","80","4008"
"1399","80","4009"
"1400","80","4010"
"1401","80","4011"
"1402","80","4012"
"1403","80","4013"
"1404","80","4014"
"1405","80","4015"
"1406","80","4016"
"1407","80","4017"
"1408","80","4018"
"1409","80","4019"
"1410","80","401"
"1414","82","NS378111"
"1415","82","NS378112"
"1416","82","NS378114"
"1417","82","NS378116"
"1431","84","NS378051"
"1432","84","NS378052"
"1433","84","NS378053"
"1434","84","NS378055"
"1435","84","NS378056"
"1436","84","NS378057"
"1437","84","NS378058"
"1438","84","NS378059"
"1439","84","NS378060"
"1440","84","NS378061"
"1441","84","NS378062"
"1446","86","DS230105"
"1447","86","DS230106"
"1448","86","DS230107"
"1449","86","DS230108"
"1454","87","250-11"
"1455","87","240-3"
"1456","88","DS230101"
"1457","88","DS230102"
"1458","88","DS230103"
"1459","88","DS230104"
"1504","89","8002"
"1505","89","USB-3"
"1506","89","8102"
"1507","89","USB-4"
"1508","89","8202"
"1509","89","USB-7"
"1513","91","2118"
"1514","91","1821"
"1515","92","2102"
"1516","92","0221"
"1517","93","DS230162"
"1559","94","DS1027"
"1560","94","DS1028"
"1561","94","DS1029"
"1562","94","DS1030"
"1563","94","DS1032"
"1564","94","DS1033"
"1565","94","DS1035"
"1566","94","DS1036"
"1567","94","DS1037"
"1568","94","DS1038"
"1569","94","DS1039"
"1570","94","DS1040"
"1571","94","DS1041"
"1572","94","DS1049"
"1573","94","DS1050"
"1574","94","DS1051"
"1575","94","DS1052"
"1576","94","DS1053"
"1577","94","DS1054"
"1578","94","DS1055"
"1579","95","DS1024"
"1580","95","DS1025"
"1581","95","DS1043"
"1582","95","DS1044"
"1583","95","DS1045"
"1584","95","DS1046"
"1595","96","NS378021"
"1596","96","NS378022"
"1597","96","NS378023"
"1598","96","NS378024"
"1599","96","NS378025"
"1600","96","NS378026"
"1601","96","NS378027"
"1602","96","NS378028"
"1603","96","NS378029"
"1604","96","NS378030"
"1605","96","NS378032"
"1606","96","NS378033"
"1607","96","NS378034"
"1608","96","NS378035"
"1609","96","NS378036"
"1610","96","NS378037"
"1611","96","NS378038"
"1612","96","NS378039"
"1625","78","DS1509"
"1626","78","DS1510"
"1627","78","DS1511"
"1628","78","DS1514"
"1629","78","DS1519"
"1630","78","DS1520"
"1631","78","DS1521"
"1632","78","DS1522"
"1633","78","DS1525"
"1634","78","DS1526"
"1635","78","DS1527"
"1636","78","DS1529"
"1637","97","CH20175"
"1638","97","CH20176"
"1639","97","CH20177"
"1640","97","CH20181"
"1643","99","DS230123"
"1644","99","DS230124"
"1645","99","DS230125"
"1646","99","DS230126"
"1647","99","DS230127"
"1648","99","DS230434"
"1649","99","DS230136"
"1650","99","DS230137"
"1651","100","1616"
"1652","100","DS1439"
"1653","101","NS377618"
"1654","101","NS377619"
"1655","101","NS377620"
"1656","101","NS377621"
"1657","101","NS377622"
"1658","101","NS377623"
"1659","101","NS377624"
"1660","101","NS377625"
"1661","101","NS377626"
"1662","101","NS377627"
"1663","101","NS377628"
"1664","101","NS377629"
"1665","101","NS377630"
"1666","101","NS377631"
"1667","101","NS377632"
"1668","101","NS377633"
"1669","101","NS377634"
"1670","101","NS377635"
"1671","101","NS377636"
"1672","101","NS377637"
"1673","101","NS377638"
"1674","101","NS377639"
"1675","101","NS377640"
"1676","101","NS377641"
"1677","101","NS377642"
"1678","101","NS377643"
"1679","101","NS377644"
"1680","101","NS377646"
"1681","102","NS377649"
"1682","102","NS377650"
"1683","102","NS377651"
"1684","102","NS377652"
"1685","102","NS377653"
"1686","102","NS377655"
"1687","102","NS377656"
"1688","102","NS377657"
"1689","102","NS377658"
"1690","102","NS377659"
"1691","102","NS377619"
"1692","102","NS377620"
"1693","102","NS377625"
"1694","102","NS377626"
"1695","102","NS377628"
"1696","102","NS377629"
"1697","102","NS377631"
"1698","102","NS377640"
"1699","103","SOM-7K"
"1700","103","SOM-8K"
"1701","104","0116"
"1702","104","0216"
"1703","104","0316"
"1704","104","0416"
"1705","104","0516"
"1706","104","0616"
"1707","104","0716"
"1708","104","0816"
"1709","104","0916"
"1710","104","1016"
"1711","104","1216"
"1712","104","1316"
"1713","104","1416"
"1714","104","1516"
"1715","104","1616"
"1716","104","1716"
"1717","104","1816"
"1718","104","1916"
"1719","104","2016"
"1720","105","2116"
"1721","105","2316"
"1722","105","2416"
"1723","105","2516"
"1724","105","2616"
"1725","105","2716"
"1726","105","2816"
"1727","105","2916"
"1728","105","3016"
"1729","105","3116"
"1730","105","3216"
"1731","105","3316"
"1732","105","3416"
"1733","105","3516"
"1734","105","3616"
"1735","105","3716"
"1736","105","3816"
"1737","105","3916"
"1738","105","4016"
"1739","105","4116"
"1740","105","4216"
"1741","105","4316"
"1742","105","4416"
"1743","105","4516"
"1744","105","4616"
"1745","105","4716"
"1746","105","4816"
"1747","105","4916"
"1748","105","5016"
"1749","106","PRA-51"
"1768","107","MX-02"
"1769","107","MX-03"
"1796","109","R-3"
"1797","109","R-4"
"1798","109","144-54"
"1799","109","144-15"
"1800","109","144-64"
"1801","109","144-11"
"1802","109","144-5"
"1803","110","NS377904"
"1804","110","NS377905"
"1805","110","NS377906"
"1806","110","NS377907"
"1807","110","NS377908"
"1808","110","NS377909"
"1809","110","NS377910"
"1810","111","1523-4"
"1811","111","DS1206"
"1812","111","7PS"
"1813","111","DS1207"
"1814","112","3002"
"1815","112","3102"
"1816","112","3202"
"1817","112","4202"
"1818","112","4302"
"1819","112","4402"
"1820","112","4502"
"1821","112","4602"
"1822","112","4702"
"1823","112","4802"
"1824","112","4902"
"1825","112","11702"
"1826","112","11902"
"1827","112","0102"
"1828","112","0202"
"1829","112","0502"
"1830","112","0602"
"1831","112","0702"
"1832","112","0802"
"1833","112","0902"
"1834","112","1002"
"1835","112","1102"
"1836","112","1202"
"1837","112","1302"
"1838","112","1402"
"1839","112","1502"
"1840","112","1602"
"1841","112","1702"
"1842","112","1802"
"1843","112","1902"
"1844","112","2002"
"1845","112","2102"
"1846","112","2202"
"1847","112","2302"
"1848","112","2402"
"1849","112","2502"
"1850","112","2602"
"1851","112","2802"
"1852","112","2902"
"1853","113","6842"
"1854","113","DS1205"
"1855","113","A8910-4"
"1856","113","DS1208"
"1857","113","6809"
"1858","113","DS1209"
"1859","113","6816"
"1860","113","DS1210"
"1861","113","1812-4"
"1862","113","DS1213"
"1863","113","1616-1"
"1864","113","DS1214"
"1865","113","ZA22"
"1866","113","DS1215"
"1867","113","99"
"1868","113","DS1216"
"1869","113","ZA13"
"1870","113","DS1217"
"1871","113","D482"
"1872","113","DS1218"
"1873","113","D59499"
"1874","113","DS1219"
"1875","113","D582"
"1876","113","DS1220"
"1877","113","724"
"1878","113","DS1221"
"1879","114","1808"
"1880","114","2006"
"1881","114","2106"
"1882","114","2206"
"1883","114","2306"
"1884","114","2406"
"1885","114","2506"
"1886","114","0126"
"1887","114","0226"
"1888","114","0326"
"1889","114","0426"
"1890","114","1526"
"1891","114","1626"
"1892","115","2601"
"1893","116","018"
"1894","116","1806"
"1895","116","5060"
"1896","116","1906"
"1897","116","5012"
"1898","116","2006"
"1899","116","5010"
"1900","116","2106"
"1901","116","022"
"1902","116","2206"
"1903","116","023"
"1904","116","2306"
"1905","116","024"
"1906","116","2406"
"1907","116","025"
"1908","116","2506"
"1909","116","026"
"1910","116","2606"
"1911","116","2601"
"1912","116","0126"
"1913","116","2602"
"1914","116","0226"
"1915","116","2603"
"1916","116","0326"
"1917","116","2604"
"1918","116","0426"
"1919","116","2615"
"1920","116","1526"
"1921","116","2616"
"1922","116","1626"
"1927","118","4301"
"1928","118","4401"
"1929","118","4501"
"1930","118","6301"
"1931","118","6401"
"1932","118","6501"
"1933","118","6601"
"1934","118","6701"
"1935","119","0102"
"1936","119","0202"
"1937","119","0302"
"1938","119","0402"
"1939","119","0502"
"1940","119","0602"
"1941","119","0702"
"1942","119","0802"
"1943","119","0902"
"1944","119","1002"
"1945","119","1102"
"1946","119","1202"
"1947","119","1302"
"1948","119","1402"
"1949","119","1502"
"1950","119","01602"
"1951","119","01702"
"1952","119","01802"
"1953","119","1902"
"1954","119","2002"
"1955","119","2102"
"1956","119","2202"
"1957","119","2302"
"1958","119","2402"
"1959","119","2502"
"1960","119","2602"
"1961","119","2706"
"1962","119","2902"
"1963","120","5002"
"1964","120","5102"
"1965","120","5202"
"1966","120","5302"
"1967","121","DS1390"
"1968","121","CT-9200B"
"1969","121","DS1391"
"1970","121","KC-8825B"
"1971","121","DS1392"
"1972","121","DM1200V"
"1973","121","DS1393"
"1974","121","C-887-B-Z"
"1975","121","DS1394"
"1976","121","KC-3866B"
"1977","121","DS1395"
"1978","121","CL-126"
"1979","121","DS1396"
"1980","121","JS-82MS"
"1981","122","2605"
"1982","122","0526"
"1983","122","2608"
"1984","122","0826"
"1985","122","2609"
"1986","122","0926"
"1987","122","2610"
"1988","122","1026"
"1989","122","2611"
"1990","122","1126"
"1995","124","KK-2280"
"1996","124","CH21594"
"1997","125","NS378602"
"1998","125","NS378603"
"1999","125","NS378604"
"2000","125","NS378605"
"2001","125","NS378606"
"2002","125","NS378607"
"2003","125","NS378608"
"2004","125","NS37831"
"2005","125","NS378679"
"2006","125","NS378680"
"2007","125","NS378690"
"2008","125","NS379691"
"2009","125","NS378692"
"2010","125","NS378693"
"2011","125","NS378694"
"2012","125","NS378695"
"2013","125","NS378696"
"2014","125","NS378697"
"2015","125","NS378698"
"2016","125","NS378699"
"2017","125","NS378716"
"2018","125","NS378717"
"2019","126","0805"
"2020","126","0508"
"2021","126","0806"
"2022","126","0608"
"2023","126","0807"
"2024","126","0708"
"2025","126","0808"
"2026","126","0809"
"2027","126","0908"
"2034","128","3705"
"2035","128","5505"
"2036","128","5605"
"2037","128","5705"
"2038","128","5805"
"2039","129","1202"
"2040","129","0212"
"2041","129","1203"
"2042","129","0312"
"2043","129","1204"
"2044","129","0412"
"2045","129","1205"
"2046","129","0512"
"2047","130","1412"
"2048","130","1512"
"2049","130","0115"
"2050","130","0215"
"2051","130","0315"
"2052","130","0415"
"2053","130","0515"
"2054","130","0615"
"2055","130","0715"
"2056","131","037"
"2057","131","3706"
"2058","131","038"
"2059","131","3806"
"2060","131","039"
"2061","131","3906"
"2062","132","CH20489"
"2071","134","DS230156"
"2072","134","DS230157"
"2073","134","DS230158"
"2078","135","EF-YHS-40"
"2079","135","EF-YHS-30"
"2080","136","PA-30"
"2081","136","PA-40"
"2082","136","PA-50"
"2083","136","PA-60"
"2111","137","DS9154"
"2112","138","DS9154"
"2115","139","9102"
"2116","139","9202"
"2117","139","9302"
"2118","139","9402"
"2119","139","9702"
"2120","139","9802"
"2121","139","9902"
"2122","139","10002"
"2123","139","10102"
"2124","139","10302"
"2125","139","10402"
"2126","139","10502"
"2127","139","10602"
"2128","139","10702"
"2129","139","10802"
"2130","139","11102"
"2131","139","11202"
"2132","139","11302"
"2133","139","11402"
"2134","139","11502"
"2135","139","11602"
"2136","139","11802"
"2137","140","DS230163"
"2138","140","DS230164"
"2139","140","DS230165"
"2140","140","DS230166"
"2183","141","0118"
"2184","141","0218"
"2185","141","0318"
"2186","141","0418"
"2187","141","0518"
"2188","141","0618"
"2189","141","1718"
"2190","141","0818"
"2191","141","1918"
"2192","141","1018"
"2193","141","1118"
"2194","133","271-3"
"2195","133","271-2"
"2230","143","0233"
"2231","143","0433"
"2232","143","0633"
"2233","143","1533"
"2234","143","2633"
"2235","144","NS378598"
"2236","144","NS378599"
"2237","144","NS378600"
"2238","144","NS378601"
"2239","144","NS378681"
"2240","144","NS378682"
"2241","144","NS378683"
"2242","144","NS378684"
"2243","144","NS378707"
"2244","144","NS378708"
"2245","144","NS378709"
"2246","144","NS378710"
"2247","145","PRA-002"
"2248","145","PRA-003"
"2249","145","PRA-016"
"2250","146","DS1184"
"2251","146","DS1185"
"2252","146","DS1186"
"2253","146","DS1187"
"2254","146","DS1188"
"2255","146","DS1189"
"2256","146","DS1190"
"2257","146","DS1191"
"2258","146","DS1193"
"2259","146","DS1194"
"2260","146","DS1195"
"2261","146","DS1196"
"2262","146","DS1197"
"2263","146","DS1198"
"2264","146","DS1199"
"2265","146","DS1200"
"2266","146","DS1201"
"2267","146","DS1202"
"2268","147","DS1062"
"2269","147","DS1063"
"2270","147","DS1064"
"2271","147","DS1065"
"2272","147","DS1066"
"2273","147","DS1067"
"2274","148","M-4"
"2275","149","EN1453"
"2276","149","EN1522"
"2277","150","055"
"2278","150","5506"
"2279","151","316"
"2280","151","2706"
"2281","151","244"
"2282","151","2806"
"2283","151","149"
"2284","151","2906"
"2285","151","153"
"2286","151","3406"
"2304","153","NS378001"
"2305","154","300M"
"2306","155","DS 408"
"2307","155","DS1409"
"2308","155","DS1410"
"2309","155","DS1411"
"2310","155","DS1413"
"2311","155","DS1414"
"2312","155","DS1415"
"2313","155","DS1416"
"2314","155","DS1417"
"2315","155","DS1418"
"2316","155","DS1419"
"2317","155","DS1420"
"2318","155","DS1421"
"2319","155","DS1422"
"2320","155","DS1423"
"2321","155","DS1424"
"2322","155","DS1425"
"2323","155","DS1426"
"2324","155","DS1427"
"2325","155","DS1428"
"2326","155","DS1429"
"2327","155","DS1430"
"2328","155","DS1431"
"2329","155","DS1432"
"2330","155","DS1433"
"2331","155","DS1435"
"2332","155","BS908"
"2333","155","S01"
"2334","155","712"
"2335","155","T90"
"2336","155","6518"
"2337","155","8200"
"2338","155","S600"
"2339","155","S606"
"2340","155","103-3"
"2341","155","808D"
"2342","155","606"
"2343","155","0616"
"2344","155","C1"
"2345","155","116"
"2346","155","619M"
"2347","155","BLK610"
"2348","155","S701G"
"2349","155","XJY1603"
"2350","155","901H"
"2351","155","6277"
"2352","155","KZ618"
"2353","155","608-2"
"2354","155","66549"
"2355","156","3205"
"2356","156","3305"
"2357","156","3405"
"2358","156","3505"
"2359","156","3605"
"2360","156","3805"
"2361","156","3905"
"2362","156","4005"
"2363","156","4505"
"2364","156","5105"
"2365","157","DS1082"
"2366","157","DS1083"
"2367","157","DS1084"
"2368","158","NS378659"
"2369","158","NS378662"
"2370","158","NS378663"
"2371","158","NS378664"
"2372","158","NS378665"
"2373","158","NS378666"
"2374","158","NS378667"
"2375","158","NS378668"
"2376","158","NS378669"
"2377","158","NS378670"
"2378","158","TY0012-23"
"2379","159","1006"
"2380","159","010"
"2381","159","1106"
"2382","159","011"
"2383","159","1206"
"2384","159","012"
"2385","159","1306"
"2386","159","013"
"2387","160","TJ-G0199"
"2388","160","TJ-G0198"
"2389","161","0110"
"2390","161","0210"
"2391","161","0310"
"2392","161","0410"
"2393","161","0510"
"2394","161","0710"
"2395","161","0810"
"2396","161","0910"
"2453","163","12058-8"
"2454","163","12058-9"
"2455","163","12058-1"
"2456","163","12058-2"
"2457","163","12058-3"
"2458","163","12058-4"
"2459","163","12058-5"
"2460","163","12058-6"
"2461","163","12058-7"
"2479","165","L1384-1"
"2480","166","6469-1"
"2481","166","6469-2"
"2482","166","6469-3"
"2483","166","6469-4"
"2484","166","6469-7"
"2485","166","6469-8"
"2486","166","6469-9"
"2487","167","EN1343"
"2488","167","EN1344"
"2489","168","EN2390"
"2490","168","EN0923"
"2491","169","DS230140"
"2492","170","NS378064"
"2493","170","NS378065"
"2494","170","NS378066"
"2495","170","NS378067"
"2496","170","NS378068"
"2497","170","NS378069"
"2498","170","NS378070"
"2499","170","NS378071"
"2500","170","NS378072"
"2501","170","NS378073"
"2502","170","NS378074"
"2503","170","NS378075"
"2504","170","NS378076"
"2505","170","NS78077"
"2506","170","NS378078"
"2507","170","NS378079"
"2508","170","NS378080"
"2509","170","NS378081"
"2510","170","NS378082"
"2511","170","NS378083"
"2512","170","NS378084"
"2513","170","NS378085"
"2514","170","NS378086"
"2515","170","NS378087"
"2516","170","NS378088"
"2517","170","NS378089"
"2518","170","NS378090"
"2519","170","NS378091"
"2520","170","NS378092"
"2521","170","NS378093"
"2522","170","NS378094"
"2523","170","NS378095"
"2524","170","NS378096"
"2525","170","NS378097"
"2526","170","NS378098"
"2527","170","NS378099"
"2528","170","NS378100"
"2529","170","NS378101"
"2530","170","NS378102"
"2531","171","NS378103"
"2532","171","NS378104"
"2533","171","NS378105"
"2534","171","NS378106"
"2535","171","NS378107"
"2536","171","NS378108"
"2537","171","NS378109"
"2538","172","JP749-1"
"2539","172","JP749-2"
"2540","172","JP749-3"
"2541","173","TJ-G0928"
"2542","173","TJ-G0929"
"2543","174","DS1005"
"2544","174","DS1007"
"2545","174","DS1008"
"2546","174","DS1009"
"2547","175","DS1434"
"2548","175","A108"
"2549","176","CP24-545"
"2550","176","CP24-550"
"2551","176","CP24-551"
"2552","176","CP24-552"
"2553","176","CP24-553"
"2554","176","CP24-566"
"2555","176","CP24-567"
"2556","176","CP24-570"
"2557","176","CP24-571"
"2558","176","CP24-572"
"2559","176","CP24-573"
"2560","176","CP24-575"
"2561","176","CP24-576"
"2562","177","CP24-545"
"2563","177","CP24-550"
"2564","177","CP24-551"
"2565","177","CP24-552"
"2566","177","CP24-553"
"2567","177","CP24-566"
"2568","177","CP24-567"
"2569","177","CP24-570"
"2570","177","CP24-571"
"2571","177","CP24-572"
"2572","177","CP24-573"
"2573","177","CP24-575"
"2574","177","CP24-576"
"2575","178","5246"
"2576","178","4632"
"2577","178","5247"
"2578","178","4732"
"2579","178","5248"
"2580","178","4832"
"2581","179","2122"
"2582","179","2221"
"2583","180","1010"
"2584","180","1110"
"2585","180","1210"
"2586","181","EN1642"
"2587","181","1517-7"
"2588","182","DS8306"
"2589","182","DS8307"
"2590","182","DS8308"
"2591","182","006"
"2592","182","007"
"2593","182","008"
"2594","183","DS1056"
"2595","183","DS1057"
"2596","183","DS1058"
"2597","183","DS1059"
"2598","183","DS1075"
"2599","183","DS1077"
"2600","183","DS1078"
"2601","183","DS1079"
"2602","183","DS1117"
"2603","183","DS1118"
"2604","183","DS1119"
"2605","183","DS1120"
"2606","183","DS1121"
"2607","183","DS1122"
"2608","183","DS1123"
"2609","183","DS1124"
"2610","183","DS1125"
"2611","183","DS1126"
"2612","183","DS1127"
"2613","183","DS1129"
"2614","183","DS1130"
"2615","183","DS1131"
"2616","183","DS1132"
"2617","183","DS1133"
"2618","183","DS1134"
"2619","183","DS1135"
"2620","183","DS1136"
"2621","183","DS1137"
"2622","183","DS1138"
"2623","183","DS1139"
"2624","183","DS1140"
"2625","183","DS1141"
"2626","183","DS1142"
"2627","183","DS1144"
"2628","183","DS1166"
"2629","184","DS1068"
"2630","184","DS1069"
"2631","184","DS1070"
"2632","184","DS1071"
"2633","184","DS1072"
"2634","184","DS1073"
"2635","184","DS1074"
"2636","184","DS1080"
"2637","184","DS1081"
"2638","184","DS1085"
"2639","184","DS1086"
"2640","184","DS1087"
"2641","184","DS1088"
"2642","184","DS1089"
"2643","184","DS1090"
"2644","184","DS1091"
"2645","184","DS1092"
"2646","184","DS1094"
"2647","184","DS1095"
"2648","184","DS1096"
"2649","184","DS1097"
"2650","184","DS1098"
"2651","184","DS1099"
"2652","184","DS1100"
"2653","184","DS1101"
"2654","184","DS1102"
"2655","184","DS1103"
"2656","184","DS1105"
"2657","184","DS1106"
"2658","184","DS1107"
"2659","184","DS1108"
"2660","184","DS1109"
"2661","184","DS1110"
"2662","184","DS1111"
"2663","184","DS1112"
"2664","184","DS1113"
"2665","185","IMH24-210"
"2666","186","DS1168"
"2667","186","DS1169"
"2668","186","DS1170"
"2669","186","DS1171"
"2670","186","DS1172"
"2671","186","DS1173"
"2672","186","DS1174"
"2673","186","DS1175"
"2674","186","DS1176"
"2675","186","DS1177"
"2676","186","DS1178"
"2677","186","DS1179"
"2678","186","DS1180"
"2679","186","DS1181"
"2680","186","417-4"
"2681","186","417-5"
"2682","186","417-6"
"2683","186","417-8"
"2684","186","430-4"
"2685","186","430-5"
"2686","186","430-6"
"2687","186","4PULG"
"2688","186","6PULG"
"2689","186","8PULG"
"2690","186","27127-1"
"2691","187","EN1655"
"2692","187","EN1656"
"2693","188","ZJ-2ZB"
"2694","188","12FT"
"2695","188","15FT"
"2696","188","8M"
"2697","189","ZJ-2ZB 12FT"
"2698","189","15FT"
"2699","189","20FT"
"2700","189","6FT"
"2701","189","9FT"
"2702","189","3M"
"2703","189","6M"
"2704","189","10M"
"2705","189","8M"
"2706","189","15M"
"2707","189","20M"
"2708","190","58221"
"2709","191","DS1458"
"2710","191","DS1459"
"2711","191","DS1460"
"2712","191","DS1461"
"2713","191","DS1462"
"2714","191","DS1463"
"2715","191","DS1464"
"2716","191","DS1465"
"2717","191","DS1466"
"2718","191","DS1467"
"2719","191","DS1468"
"2720","191","DS1469"
"2721","191","DS1470"
"2722","191","DS1471"
"2723","191","DS1472"
"2724","191","DS1473"
"2725","191","DS1474"
"2726","191","DS1475"
"2727","191","DS1476"
"2728","191","DS1477"
"2729","191","6605"
"2730","191","803"
"2731","191","9901A"
"2732","191","606A"
"2733","191","2010"
"2734","191","8536"
"2735","191","6609"
"2736","191","801"
"2737","191","268"
"2738","191","1600"
"2739","191","2009"
"2740","191","6610"
"2741","191","606"
"2742","191","1500"
"2743","191","1186"
"2744","191","002"
"2745","191","001"
"2746","191","1196"
"2747","191","1161"
"2748","192","R-10"
"2749","193","WAB-701-24"
"2750","194","1609"
"2751","194","3012"
"2752","194","1709"
"2753","194","8913"
"2754","194","1809"
"2755","194","0330-16"
"2756","194","1909"
"2757","194","0330-10Y"
"2758","194","2009"
"2759","194","6002-16"
"2760","194","2109"
"2761","194","2101"
"2762","194","0121"
"2763","194","2103"
"2764","194","0321"
"2765","194","2104"
"2766","194","0421"
"2767","194","2119"
"2768","194","2120"
"2769","194","2021"
"2770","194","2121"
"2771","194","3389"
"2772","194","0109"
"2773","194","3390"
"2774","194","0209"
"2775","194","3339"
"2776","194","0309"
"2777","194","3341"
"2778","194","0409"
"2779","194","3423"
"2780","194","3400"
"2781","194","0609"
"2782","194","3353"
"2783","194","0709"
"2784","194","927"
"2785","194","0809"
"2786","194","851"
"2787","194","0909"
"2788","194","8119"
"2789","194","1009"
"2790","194","3424"
"2791","194","1109"
"2792","194","3425"
"2793","194","1209"
"2794","194","808033"
"2795","194","1309"
"2796","194","14"
"2797","194","1509"
"2798","195","5701"
"2799","195","4601"
"2800","196","0107"
"2801","196","0701"
"2802","196","0108"
"2803","196","0801"
"2804","196","3101"
"2805","196","0132"
"2806","196","3201"
"2807","196","0133"
"2808","196","3301"
"2809","196","0134"
"2810","196","3401"
"2811","196","0135"
"2812","196","3501"
"2813","196","0136"
"2814","196","3601"
"2815","196","0137"
"2816","196","3701"
"2817","197","TJ-G3771"
"2821","199","3216"
"2822","199","1632"
"2823","199","3217"
"2824","199","1732"
"2825","199","3218"
"2826","199","1832"
"2827","199","3219"
"2828","199","1932"
"2829","199","5220"
"2830","199","2032"
"2831","199","5221"
"2832","199","2132"
"2833","199","5222"
"2834","199","2232"
"2835","199","5223"
"2836","199","2332"
"2837","199","5224"
"2838","199","2432"
"2839","199","5225"
"2840","199","2532"
"2841","199","3226"
"2842","199","2632"
"2843","199","2737"
"2844","199","2732"
"2845","199","3632"
"2846","199","3732"
"2847","199","3238"
"2848","199","3832"
"2849","199","3939"
"2850","199","4032"
"2851","199","4132"
"2852","199","4332"
"2853","199","4432"
"2854","199","0815"
"2855","199","1508"
"2856","199","0816"
"2857","199","1608"
"2858","199","3101"
"2859","199","0431"
"2860","199","3105"
"2861","199","0531"
"2862","199","3106"
"2863","199","0631"
"2864","199","3107"
"2865","199","0731"
"2866","199","3108"
"2867","199","0831"
"2868","199","3109"
"2869","199","0931"
"2870","199","3210"
"2871","199","1032"
"2872","199","3211"
"2873","199","1132"
"2874","199","3212"
"2875","199","1232"
"2876","199","3213"
"2877","199","1332"
"2878","199","3214"
"2879","199","1432"
"2880","199","3215"
"2881","199","1532"
"2882","200","DS230117"
"2883","201","DS230163"
"2884","201","DS230164"
"2885","201","DS230165"
"2886","201","DS 230166"
"2887","202","DS230148"
"2888","202","DS230149"
"2889","202","DS230150"
"2890","202","DS230151"
"2891","202","DS230153"
"2892","202","DS230154"
"2893","203","2114"
"2894","203","1421"
"2895","203","2115"
"2896","203","1521"
"2897","203","2116"
"2898","203","1621"
"2899","204","DS25014"
"2900","205","DS230112"
"2901","205","DS230114"
"2902","205","DS230118"
"2903","205","DS230119"
"2904","205","DS230120"
"2905","205","DS230121"
"2906","205","DS230122"
"2907","206","BL1258"
"2908","206","886 23A"
"2909","206","886 23B"
"2910","206","88623C"
"2911","206","886 23D"
"2912","206","2035A"
"2913","206","2034A"
"2914","206","2017A"
"2915","206","2017B"
"2916","206","2024A"
"2917","206","JX688-53"
"2918","206","JX688-46"
"2919","207","BL1258"
"2920","207","0335"
"2921","207","0435"
"2922","207","0535"
"2923","207","0635"
"2924","207","0735"
"2925","207","0835"
"2926","207","0935"
"2927","207","1035"
"2928","207","1135"
"2929","207","1335"
"2930","207","1535"
"2931","207","1635"
"2932","208","DS1436"
"2933","208","DS1437"
"2934","208","DS1438"
"2935","208","DS1002"
"2936","208","DS1003"
"2937","208","DS1004"
"2938","209","DS1436"
"2939","209","DS1437"
"2940","209","DS1438"
"2941","209","DS1002"
"2942","209","DS1003"
"2943","209","DS1004"
"2944","210","AB-02"
"2945","210","CXL500-24A"
"2946","210","CXL500-24"
"3079","213","AB-36"
"3080","213","185-59"
"3081","213","032-2"
"3082","214","AB-36"
"3083","214","2904"
"3084","214","2902"
"3085","215","385-9"
"3086","216","326-N22"
"3087","216","A16890"
"3088","217","A17078"
"3089","217","699-A12"
"3090","217","699-A13"
"3091","217","699-A11"
"3092","218","AB-34"
"3093","218","529"
"3094","218","525"
"3095","218","524"
"3107","220","A193576"
"3108","220","5838-195"
"3109","220","A193579"
"3110","220","5838-199"
"3111","220","A193580"
"3112","220","5838-202"
"3113","221","A172584"
"3118","223","144-54"
"3119","223","144-11"
"3120","223","144-15"
"3121","223","144-64"
"3122","223","144-5"
"3180","225","NS378677"
"3181","225","NS378678"
"3182","225","NS378598"
"3183","225","NS378599"
"3184","225","NS378600"
"3185","225","NS378601"
"3186","225","NS378681"
"3187","225","NS378682"
"3188","225","NS378683"
"3189","225","NS378684"
"3190","225","NS378707"
"3191","225","NS378708"
"3192","225","NS378709"
"3193","225","NS378710"
"3194","226","LH-1502Y"
"3195","226","DS1444"
"3196","227","NS378602"
"3197","227","NS378603"
"3198","227","NS378604"
"3199","227","NS378605"
"3200","227","NS378606"
"3201","227","NS378607"
"3202","227","NS378608"
"3203","228","NS377895"
"3204","228","NS377896"
"3205","228","NS377897"
"3206","228","NS377898"
"3207","228","NS377899"
"3208","228","NS377900"
"3209","228","NS377901"
"3210","228","NS377902"
"3211","228","NS377903"
"3212","229","NS378700"
"3213","229","NS378701"
"3214","229","NS378702"
"3215","229","NS378703"
"3216","229","NS378704"
"3217","229","NS378705"
"3218","229","NS378706"
"3219","229","NS378711"
"3220","229","NS378713"
"3221","229","NS378714"
"3222","229","NS378715"
"3223","230","EN1398"
"3224","231","NS378632"
"3225","231","NS378633"
"3226","231","NS378634"
"3227","232","NS378644"
"3228","232","NS378645"
"3229","232","NS378646"
"3230","232","NS378647"
"3231","232","NS378648"
"3232","232","NS378649"
"3233","232","NS378651"
"3234","232","NS378652"
"3235","232","NS378653"
"3236","232","NS378654"
"3237","232","NS378656"
"3238","232","NS378657"
"3239","232","NS378658"
"3240","233","EN1631"
"3241","234","0119"
"3242","234","0219"
"3243","234","0319"
"3244","234","0419"
"3245","234","0519"
"3246","234","0619"
"3247","234","0719"
"3248","234","0819"
"3249","234","0919"
"3250","234","1019"
"3251","234","1119"
"3252","234","1219"
"3253","234","1319"
"3254","234","1419"
"3255","234","1519"
"3256","234","1719"
"3257","234","3020"
"3258","234","3120"
"3259","234","3220"
"3260","235","CH21161"
"3261","236","T512-C"
"3262","236","YW2197C"
"3263","236","FY8803X"
"3264","236","FY8802YZ"
"3265","237","TJ-1688"
"3266","238","XF-5800T"
"3267","238","EN0732"
"3268","239","920"
"3269","239","TJ-G3760"
"3360","240","2113"
"3361","240","1321"
"3362","241","NS379311"
"3363","241","NS379312"
"3364","241","NS379313"
"3365","241","NS379314"
"3366","241","NS379315"
"3367","241","NS379316"
"3368","241","NS379317"
"3369","241","NS379318"
"3370","241","NS379324"
"3371","241","NS379325"
"3372","241","NS379326"
"3373","241","NS379327"
"3374","241","NS379328"
"3375","241","NS379329"
"3376","241","NS379330"
"3377","241","NS379331"
"3378","241","NS379332"
"3379","242","NS377791"
"3380","242","NS377792"
"3381","242","NS377793"
"3382","242","NS377796"
"3383","242","NS377797"
"3384","242","NS377798"
"3385","242","NS377801"
"3386","242","NS377802"
"3387","242","NS377803"
"3388","242","NS377804"
"3389","242","NS377805"
"3390","242","NS377806"
"3391","242","NS377807"
"3392","242","NS377808"
"3393","242","NS377985"
"3394","242","NS377986"
"3395","242","NS377987"
"3396","243","NS377882"
"3397","243","NS377883"
"3398","243","NS377884"
"3399","243","NS377885"
"3400","243","NS379295"
"3401","243","NS379296"
"3402","243","NS379297"
"3403","243","NS37928"
"3404","243","NS379299"
"3405","243","NS379300"
"3406","243","NS379304"
"3407","243","NS379305"
"3408","243","NS379306"
"3409","243","NS379307"
"3410","243","NS379308"
"3411","243","NS379309"
"3412","243","NS379310"
"3415","245","NS377785"
"3416","245","NS377786"
"3417","245","NS377811"
"3418","245","NS380584"
"3419","245","NS377865"
"3420","245","NS377866"
"3421","245","NS377867"
"3422","245","NS377868"
"3423","245","NS377869"
"3424","246","0912"
"3425","246","1209"
"3426","246","1012"
"3427","246","1210"
"3428","246","1112"
"3429","246","1211"
"3430","246","1212"
"3431","246","1312"
"3432","246","1213"
"3433","247","1107"
"3434","247","0711"
"3435","247","1207"
"3436","247","0712"
"3437","247","1307"
"3438","247","0713"
"3439","247","1407"
"3440","247","0714"
"3441","247","1507"
"3442","247","0715"
"3443","247","2307"
"3444","247","0723"
"3445","248","0113"
"3446","248","0213"
"3447","248","0313"
"3448","248","0413"
"3449","248","0513"
"3450","248","0613"
"3451","248","2113"
"3452","248","2213"
"3453","248","2313"
"3454","248","2413"
"3455","248","2513"
"3456","248","2613"
"3457","248","2713"
"3458","248","2813"
"3459","249","J-144"
"3460","249","306-770"
"3461","249","A32-1106"
"3462","249","A32-7705"
"3463","249","A32-7010"
"3464","249","A32-7706-3"
"3465","250","DS9025"
"3466","250","DS9026"
"3467","251","3101"
"3468","251","0131"
"3469","251","3102"
"3470","251","0231"
"3471","251","3105"
"3472","251","0531"
"3473","251","3106"
"3474","251","0631"
"3475","251","3107"
"3476","251","0731"
"3477","251","0820"
"3478","251","0920"
"3479","251","1020"
"3480","251","1320"
"3481","251","1520"
"3482","251","2320"
"3483","251","2420"
"3484","251","3320"
"3485","252","8822"
"3486","252","0820"
"3487","252","7322"
"3488","252","0920"
"3489","252","2010"
"3490","252","1020"
"3491","252","2013"
"3492","252","1320"
"3493","252","7703"
"3494","252","1520"
"3495","252","5201"
"3496","252","2320"
"3497","252","5100"
"3498","252","2420"
"3499","252","2100"
"3500","252","3320"
"3501","253","247"
"3502","253","DS9126"
"3503","253","102"
"3504","253","DS9127"
"3505","253","106B"
"3506","253","DS9129"
"3507","253","1209"
"3508","253","DS9135"
"3509","253","69991"
"3510","253","DS9136"
"3511","253","69992"
"3512","253","DS9137"
"3519","255","247"
"3520","255","DS9126"
"3521","256","DS230141"
"3522","256","DS230142"
"3523","256","DS230143"
"3524","256","DS230144"
"3525","257","2113"
"3526","257","1321"
"3527","258","1708"
"3528","258","1804"
"3529","259","NS377835"
"3530","259","NS377836"
"3531","259","NS377837"
"3532","259","NS377838"
"3533","259","NS377839"
"3534","259","NS377840"
"3535","259","NS377841"
"3536","259","NS377842"
"3537","259","NS377843"
"3538","259","NS377844"
"3539","259","NS377845"
"3540","259","NS377846"
"3541","259","NS377847"
"3542","259","NS377848"
"3543","259","NS377849"
"3544","259","NS377850"
"3545","259","NS377851"
"3546","259","NS377852"
"3547","259","NS377853"
"3548","259","NS377854"
"3549","259","NS377855"
"3550","259","NS377856"
"3551","259","NS377857"
"3552","259","NS377858"
"3553","259","NS377859"
"3554","259","NS377860"
"3555","259","NS377861"
"3556","259","NS377862"
"3557","259","NS377863"
"3558","259","NS377864"
"3559","259","NS377870"
"3560","259","NS377871"
"3561","259","NS377872"
"3562","259","NS377873"
"3563","259","NS377874"
"3564","259","NS377875"
"3565","259","NS377876"
"3566","259","NS377877"
"3567","259","NS377878"
"3568","259","NS377879"
"3569","259","NS377880"
"3570","259","NS377881"
"3593","262","DS230109"
"3594","263","1301"
"3595","263","1401"
"3596","264","MN-010"
"3597","264","MN-011"
"3598","265","2705"
"3599","265","2805"
"3600","266","DS230196"
"3601","266","DS230197"
"3602","266","DS230198"
"3603","266","DS230199"
"3604","266","DS230209"
"3605","266","DS230210"
"3606","266","DS230211"
"3607","266","DS230212"
"3608","266","DS230213"
"3609","266","DS230214"
"3610","266","DS230215"
"3611","266","DS230216"
"3612","266","DS230217"
"3613","266","DS230227"
"3614","266","DS230228"
"3615","266","DS230229"
"3616","266","DS230230"
"3617","266","DS230231"
"3618","266","DS230232"
"3619","266","DS230233"
"3620","266","DS23023"
"3621","267","DS230196"
"3622","267","DS230197"
"3623","267","DS230198"
"3624","267","DS230199"
"3625","267","DS230209"
"3626","267","DS230210"
"3627","267","DS230211"
"3628","267","DS230212"
"3629","267","DS230213"
"3630","267","DS230214"
"3631","267","DS230215"
"3632","267","DS230216"
"3633","267","DS230217"
"3634","267","DS230227"
"3635","267","DS230228"
"3636","267","DS230229"
"3637","267","DS230230"
"3638","267","DS230231"
"3639","267","DS230232"
"3640","267","DS230233"
"3641","267","DS230234"
"3642","267","DS2302"
"3643","268","MNT174"
"3644","268","MNT175"
"3645","268","MNT176"
"3646","268","MNT177"
"3647","268","MNT178"
"3648","268","MNT179"
"3649","268","MTN180"
"3650","268","MNT181"
"3651","268","MNT182"
"3652","269","890B"
"3653","269","DS9116"
"3654","269","890G"
"3655","269","DS9117"
"3656","269","2206B"
"3657","269","DS9118"
"3658","269","2312"
"3659","269","DS9123"
"3660","270","NS377949"
"3661","270","NS377950"
"3662","270","NS377951"
"3663","270","NS377952"
"3664","270","NS377953"
"3665","270","NS377954"
"3666","270","NS377955"
"3667","270","NS377956"
"3668","270","NS377957"
"3669","270","NS377958"
"3670","270","NS377959"
"3671","270","NS377960"
"3672","270","NS377963"
"3673","270","NS377964"
"3674","270","NS377965"
"3675","270","NS377966"
"3676","270","NS377967"
"3677","270","NS377968"
"3678","270","NS377969"
"3679","270","NS377970"
"3680","270","NS377971"
"3681","270","NS377972NS377973"
"3682","270","NS377974"
"3683","270","NS377991"
"3684","270","NS377992"
"3685","270","NS377993"
"3686","270","NS377994"
"3687","270","NS377995"
"3688","270","NS377996"
"3689","270","NS377998"
"3690","270","NS377999"
"3691","270","NS378000"
"3692","271","DS9116"
"3693","271","DS9117"
"3694","271","DS9118"
"3695","271","DS9119"
"3696","271","DS9120"
"3697","271","DS9121"
"3698","271","DS9122"
"3699","271","DS9123"
"3700","271","DS9124"
"3701","271","DS9125"
"3702","271","DS9126"
"3703","271","DS9127"
"3704","271","DS9128"
"3705","271","DS9129"
"3706","271","DS9130"
"3707","271","DS9131"
"3708","271","DS9132"
"3709","271","DS9133"
"3710","271","DS9134"
"3711","271","DS9135"
"3712","271","DS9136"
"3713","271","DS9137"
"3714","271","DS9156"
"3715","271","DS9157"
"3716","271","DS9158"
"3717","271","DS9159"
"3718","271","DS9160"
"3719","271","DS9161"
"3720","271","DS9162"
"3721","271","DS9163"
"3722","271","DS9164"
"3723","271","DS9165"
"3724","271","DS9166"
"3725","271","DS9167"
"3726","271","DS9168"
"3727","271","DS9169"
"3728","271","DS9170"
"3729","271","DS9171"
"3730","271","DS9172"
"3731","271","DS9173"
"3732","271","DS9174"
"3733","271","DS9175"
"3734","271","DS9176"
"3735","271","DS9177"
"3736","271","DS9178"
"3737","271","DS9179"
"3738","272","2206B"
"3739","272","DS9118"
"3740","272","2206G"
"3741","272","DS9119"
"3742","272","2312"
"3743","272","DS9123"
"3744","272","1066"
"3745","272","DS9130"
"3746","272","1220"
"3747","272","DS9134"
"3748","273","275-12"
"3749","273","275-13"
"3750","273","275-14"
"3751","273","275-15"
"3752","273","275-16"
"3753","273","275-17"
"3754","273","275-18"
"3755","274","275-1"
"3756","274","275-2"
"3757","274","275-3"
"3758","274","275-4"
"3759","274","275-5"
"3760","274","275-6"
"3761","274","275-7"
"3762","274","275-8"
"3763","274","275-9"
"3764","274","275-10"
"3765","274","275-17"
"3766","274","275-18"
"3792","277","356-AY-83"
"3793","277","356-AY-63"
"3794","277","356-AY-73"
"3795","278","2605"
"3796","278","6105"
"3797","278","6205"
"3798","278","6305"
"3799","278","6405"
"3800","278","6505"
"3801","278","6605"
"3802","279","3801"
"3803","279","3901"
"3804","280","NS377728"
"3805","281","DS9142"
"3806","281","DS9143"
"3807","281","DS9151"
"3808","281","DS9152"
"3809","281","DS9155"
"3810","282","DS9138"
"3811","282","DS9139"
"3812","282","DS9140"
"3813","282","DS9141"
"3814","282","DS9144"
"3815","282","DS9145"
"3816","282","DS9146"
"3817","282","DS9147"
"3818","282","DS9148"
"3819","282","DS9149"
"3820","282","DS9150"
"3821","283","0128"
"3822","283","0228"
"3823","283","0328"
"3824","283","0428"
"3825","283","0528"
"3826","283","0728"
"3827","283","1128"
"3828","283","1228"
"3829","283","1328"
"3830","283","1428"
"3831","283","1528"
"3832","283","1928"
"3833","283","2028"
"3834","283","2228"
"3835","283","2328"
"3836","284","59020"
"3837","285","NS378006"
"3838","285","NS378007"
"3839","285","NS378008"
"3840","285","NS378009"
"3841","285","NS378011"
"3842","285","NS378012"
"3843","285","NS378013"
"3844","285","NS378014"
"3845","285","NS378015"
"3846","286","GG-7"
"3847","287","59409"
"3848","288","JP216"
"3849","289","0317"
"3850","289","0417"
"3851","290","DS25011"
"3852","290","DS25012"
"3853","290","DS25013"
"3854","291","IMH24-81"
"3855","292","CH20250"
"3856","293","CP24-457"
"3857","293","CP24-458"
"3858","293","CP24-461"
"3859","293","CP24-462"
"3860","294","EN0597"
"3861","295","0129"
"3862","295","0229"
"3863","295","0329"
"3864","296","NS378690"
"3865","296","NS378691"
"3866","296","NS378692"
"3867","296","NS378693"
"3868","296","NS378694"
"3869","296","NS378695"
"3870","296","NS378696"
"3871","296","NS378697"
"3872","296","NS378698"
"3873","296","NS378699"
"3874","297","J2"
"3875","298","NS378631"
"3876","298","NS378679"
"3877","298","NS378680"
"3878","299","5305"
"3879","299","5405"
"3880","300","0301"
"3881","300","0103"
"3882","300","0308"
"3883","300","0803"
"3884","300","0309"
"3885","300","0903"
"3886","300","0314"
"3887","300","0403"
"3888","300","0317"
"3889","300","0703"
"3890","300","0319"
"3891","300","0321"
"3892","301","0322"
"3893","301","0203"
"3894","301","0323"
"3895","301","0303"
"3896","301","0324"
"3897","301","0403"
"3898","301","0325"
"3899","301","0503"
"3900","301","0326"
"3901","301","0603"
"3902","301","0327"
"3903","301","0703"
"3904","301","0328"
"3905","301","0803"
"3906","301","0903"
"3907","301","0329"
"3908","301","0330"
"3909","301","0003"
"3910","301","0331"
"3911","301","0103"
"3912","301","0333"
"3913","301","0334"
"3914","301","0335"
"3915","301","0336"
"3916","302","NS377912"
"3917","302","NS377913"
"3918","302","NS377914"
"3919","302","NS377915"
"3920","302","NS377916"
"3921","302","NS377917"
"3922","302","NS377918"
"3923","302","NS377919"
"3924","302","NS377920"
"3925","302","NS 377921"
"3926","302","NS377922"
"3927","302","NS377923"
"3928","302","NS377924"
"3929","302","NS377927"
"3930","302","NS377928"
"3931","302","NS377929"
"3932","302","NS377930"
"3933","302","NS377932"
"3934","302","NS377933"
"3935","302","NS377935"
"3936","302","NS377936"
"3937","303","NS377934"
"3938","304","NS377937"
"3939","304","NS377938"
"3940","304","NS377939"
"3941","304","NS377940"
"3942","304","NS377941"
"3943","304","NS377942"
"3944","304","NS377943"
"3945","304","NS377944"
"3946","304","NS377945"
"3947","304","NS377946"
"3948","304","NS377947"
"3949","304","NS377948"
"3950","305","0203"
"3951","305","0303"
"3952","305","0403"
"3953","305","0503"
"3954","305","0603"
"3955","305","0703"
"3956","305","0903"
"3957","305","0003"
"3958","305","0103"
"3959","306","8702"
"3960","306","8802"
"3961","307","NS377835"
"3962","307","NS377836"
"3963","307","NS377837"
"3964","307","NS377838"
"3965","307","NS377839"
"3966","307","NS377840"
"3967","307","NS377841"
"3968","307","NS377842"
"3969","307","NS377843"
"3970","307","NS377844"
"3971","307","NS377845"
"3972","307","NS37784"
"3973","307","NS377847"
"3974","307","NS377848"
"3975","307","NS377849"
"3976","307","NS377850"
"3977","307","NS377851"
"3978","307","NS377852"
"3979","307","NS377853"
"3980","307","NS377854"
"3981","307","NS377855"
"3982","307","NS377856"
"3983","307","NS377857"
"3984","308","DS9011"
"3985","308","DS9015"
"3986","308","DS9021"
"3987","308","633"
"3988","308","DS9058"
"3989","308","626"
"3990","308","DS9059"
"3991","308","582"
"3992","308","DS9060"
"3993","308","612"
"3994","308","DS9065"
"3995","308","621"
"3996","308","DS9066"
"3997","308","618"
"3998","308","DS9067"
"3999","308","539"
"4000","308","DS9068"
"4001","308","596"
"4002","308","DS9072"
"4003","308","DS9153"
"4004","309","MNT140"
"4005","309","MNT141"
"4006","309","MNT142"
"4007","309","MNT143"
"4008","309","MNT144"
"4009","309","MNT145"
"4010","309","MNT184"
"4011","309","MNT185"
"4012","309","MNT186"
"4013","309","MNT187"
"4014","309","MNT188"
"4015","309","MNT189"
"4016","309","MNT190"
"4017","309","MNT191"
"4018","310","MNT101"
"4019","310","MNT102"
"4020","310","MNT103"
"4021","310","MNT104"
"4022","310","MNT105"
"4023","310","MNT106"
"4024","310","MNT109"
"4025","310","MNT110"
"4026","310","MNT111"
"4027","310","MNT112"
"4028","310","MNT113"
"4029","310","MNT114"
"4030","310","MNT115"
"4031","310","MNT116"
"4032","310","MNT117"
"4033","310","MNT119"
"4034","310","MNT120"
"4035","310","MNT121"
"4036","310","MNT122"
"4037","310","MNT123"
"4038","310","MNT124"
"4039","310","MNT125"
"4100","21","NS378712"
"4101","198","JLY-5532"
"4102","198","JLY-5531"
"4103","198","M-5"
"4104","98","MOD0803"
"4105","98","REF0308"
"4115","90","MOD035"
"4116","90","3506"
"4117","90","MOD10"
"4118","90","3606"
"4119","90","MOD4009-6"
"4120","90","4806"
"4121","90","MOD3848"
"4122","90","254906"
"4123","90","MOD666"
"4124","90","5006"
"4125","90","MOD053"
"4126","90","5306"
"4234","49","4606"
"4235","49","4706"
"4266","313","M-73"
"4267","313","M-74"
"4268","313","M-75"
"4269","314","M-59"
"4270","314","M-60"
"4271","314","M-61"
"4272","314","M-76"
"4273","314","M-77"
"4274","314","M-78"
"4275","315","9936"
"4276","315","1175"
"4277","315","1170"
"4278","315","18601"
"4279","315","1173"
"4280","315","101"
"4281","315","5800"
"4282","315","001COB"
"4283","315","201"
"4284","315","8805"
"4285","315","C806"
"4286","316","DS25014"
"4287","317","DS8301"
"4288","317","DS8302"
"4289","317","DS8303"
"4290","317","DS8304"
"4291","317","DS8305"
"4292","318","DS230155"
"4293","319","REF66533-3"
"4294","319","DS1447"
"4295","320","TJ-098"
"4296","320","TJ-015"
"4297","321","0514"
"4298","321","0614"
"4299","321","0714"
"4300","321","0814"
"4301","321","0914"
"4302","321","1014"
"4303","321","1114"
"4304","321","1214"
"4305","321","1314"
"4306","321","1414"
"4307","321","1514"
"4308","321","1614"
"4309","321","1714"
"4310","321","1914"
"4311","321","2014"
"4312","321","2114"
"4313","321","2214"
"4314","321","2714"
"4315","321","2814"
"4316","321","2914"
"4317","321","3014"
"4318","321","3114"
"4319","321","3214"
"4320","321","3314"
"4321","321","3414"
"4322","321","3514"
"4323","321","3614"
"4324","322","6001"
"4325","323","EN1638"
"4326","324","MOD0819"
"4327","324","1908"
"4328","324","MOD0820"
"4329","324","2008"
"4330","324","MOD0821"
"4331","324","2108"
"4332","324","MOD0822"
"4333","324","2208"
"4334","325","NS377731"
"4335","325","NS377733"
"4336","325","NS377734"
"4337","325","NS377736"
"4338","325","NS377737"
"4339","325","NS377739"
"4340","325","NS377740"
"4341","325","NS377741"
"4342","325","NS377747"
"4343","325","NS377748"
"4344","325","NS377750"
"4345","325","NS377751"
"4346","325","NS377752"
"4347","325","NS377753"
"4348","325","NS377754"
"4349","325","NS377755"
"4350","325","NS377759"
"4351","325","NS377760"
"4352","325","NS377761"
"4361","327","FV-872"
"4362","328","FV-891"
"4363","329","FV-898"
"4364","330","FV-926"
"4365","331","FV-1133"
"4366","332","FV-1163"
"4367","333","FV-1195"
"4373","335","FV-1212"
"4374","336","FV-1282"
"4375","337","FV-1290"
"4376","338","FV-1346"
"4377","339","FV-201"
"4378","340","FV-6434"
"4379","341","FV-3661"
"4380","342","FV-3782"
"4381","343","FV-3846"
"4382","344","FV-3857"
"4383","345","FV-1061"
"4384","346","FV-18049"
"4385","347","FV-18068"
"4386","348","FV-18088"
"4387","349","FV-18383"
"4388","350","FV-18552"
"4389","351","FV-7529"
"4390","352","FV-7519"
"4391","353","FV-113"
"4392","354","FV-25"
"4393","355","FV-32"
"4394","356","FV-37"
"4395","357","FV-40"
"4396","358","FV-45"
"4397","359","FV-86"
"4398","360","FV-106"
"4399","361","FV-115"
"4400","362","FV-24"
"4401","363","FV-25"
"4402","364","FV-72"
"4403","365","FV-74"
"4404","366","FV-80"
"4405","367","FV-126"
"4406","368","FV-72"
"4407","369","FV-1065"
"4408","370","FV-30462"
"4409","371","FV-30474"
"4410","372","DS230113"
"4420","374","247"
"4421","374","DS9126"
"4422","375","DS9001"
"4423","375","DS9002"
"4424","375","DS9003"
"4425","375","DS9004"
"4426","375","DS9005"
"4427","375","DS9007"
"4428","375","DS9008"
"4429","375","DS9009"
"4430","376","EN1533"
"4431","377","EN1352"
"4432","378","1305"
"4433","378","2305"
"4434","378","2405"
"4435","378","2505"
"4436","379","NS377644"
"4437","379","NS377645"
"4438","380","1034-4"
"4439","380","1034-5"
"4440","381","NS377735"
"4441","381","NS377741"
"4442","381","NS377743"
"4443","381","NS377744"
"4444","381","NS377745"
"4445","381","NS377746"
"4446","381","NS377749"
"4447","381","NS377780"
"4448","381","NS377781"
"4449","382","MOD1403"
"4450","382","0314"
"4451","382","MOD1404"
"4452","382","0414"
"4453","383","M-63"
"4454","383","M-64"
"4455","383","M-65"
"4456","383","M-66"
"4457","383","M-67"
"4458","383","M-68"
"4459","384","M-69"
"4460","385","MN-2"
"4461","385","MN-3"
"4462","386","M-13"
"4463","387","M-8"
"4464","387","M-9"
"4465","387","M-10"
"4466","387","M-11"
"4467","387","M-12"
"4468","388","FV-1357"
"4469","152","NS378594"
"4470","152","NS378595"
"4471","152","NS378596"
"4472","152","NS378597"
"4473","152","NS378672"
"4474","152","NS378673"
"4475","152","NS378674"
"4476","152","NS378675"
"4477","152","NS378676"
"4478","152","NS378685"
"4479","152","NS378686"
"4480","152","NS378687"
"4481","152","NS378689"
"4482","152","NS378718"
"4483","152","NS378719"
"4484","152","NS378720"
"4485","152","NS378721"
"4486","162","CL-1"
"4487","162","DS9027"
"4488","162","CL-12"
"4489","162","DS9038"
"4490","162","568"
"4491","162","DS9071"
"4492","162","522"
"4493","162","DS9077"
"4494","162","586"
"4495","162","DS9078"
"4496","162","589"
"4497","162","DS9079"
"4498","162","560"
"4499","162","DS9080"
"4500","162","CL-13"
"4501","162","DS9039"
"4502","162","CL-14"
"4503","162","DS9040"
"4504","162","CL-15"
"4505","162","DS9041"
"4506","162","CL-16"
"4507","162","DS9042"
"4508","162","CL-17"
"4509","162","DS9043"
"4510","162","CL-18"
"4511","162","DS9044"
"4512","162","CL-19"
"4513","162","DS9045"
"4514","162","CL-20"
"4515","162","DS9046"
"4516","162","CL-21"
"4517","162","DS9047"
"4518","162","CL-22"
"4519","162","DS9048"
"4520","162","CL-24"
"4521","162","DS9050"
"4522","162","CL-25"
"4523","162","DS9051"
"4524","162","CL-2"
"4525","162","DS9028"
"4526","162","CL-3"
"4527","162","DS9029"
"4528","162","DS9030"
"4529","162","CL-5"
"4530","162","DS9031"
"4531","162","CL-6"
"4532","162","DS9032"
"4533","162","CL-7"
"4534","162","DS9033"
"4535","162","CL-8"
"4536","162","DS9034"
"4537","162","CL-9"
"4538","162","DS9035"
"4539","162","CL-10"
"4540","162","DS9036-"
"4541","162","CL-11"
"4542","162","DS9037"
"4546","142","0124"
"4547","142","0224"
"4548","142","0324"
"4549","142","0424"
"4550","142","0524"
"4551","142","0624"
"4552","142","0724"
"4553","142","0824"
"4554","142","0924"
"4555","142","1024"
"4556","142","1124"
"4557","142","1224"
"4558","142","1324"
"4559","142","1424"
"4560","142","1524"
"4561","142","2415"
"4562","142","1624"
"4563","142","2416"
"4564","142","1724"
"4565","142","1824"
"4566","142","2418"
"4567","142","1924"
"4568","142","2024"
"4569","142","2420"
"4570","142","2124"
"4571","142","2224"
"4572","142","2324"
"4573","142","2424"
"4574","142","2524"
"4575","142","2624"
"4576","142","2426"
"4577","142","2427"
"4578","142","2724"
"4579","142","2428"
"4580","142","2824"
"4581","142","2924"
"4582","142","3024"
"4583","142","3124"
"4584","142","3224"
"4585","142","3524"
"4586","142","3624"
"4587","142","2436"
"4604","311","DS9138"
"4605","311","DS9139"
"4606","311","DS9140"
"4607","311","DS9141"
"4608","311","DS9144"
"4609","311","DS9145"
"4610","311","DS9146"
"4611","311","DS9147"
"4612","311","DS9148"
"4613","311","DS9149"
"4614","311","DS9150"
"4615","311","358"
"4616","311","276"
"4617","311","211"
"4618","311","8132"
"4619","311","8188"
"4620","164","BL-1258"
"4621","164","NS377601"
"4622","164","NS377602"
"4623","164","NS377603"
"4624","164","NS377604"
"4625","164","NS377605"
"4626","164","NS377606"
"4627","164","NS377607"
"4628","164","NS377608"
"4629","164","NS377609"
"4630","164","NS377610"
"4631","164","NS377611"
"4632","164","NS377612"
"4633","164","NS377614"
"4634","164","NS377615"
"4635","164","NS377616"
"4636","164","NS377617"
"4637","211","2589-16A"
"4638","211","781"
"4639","211","F802B"
"4640","211","LH-1804R"
"4641","211","512E"
"4642","211","780-3"
"4643","211","E012-3"
"4644","211","1177-4"
"4645","211","1177-7"
"4646","211","1177-1"
"4647","211","1177-8"
"4648","211","669-78"
"4649","211","4322A"
"4650","211","4321A"
"4651","211","3611B-2"
"4652","211","HY62-25A"
"4653","211","36131B"
"4654","211","3631B"
"4775","254","HXD6601"
"4776","254","HXD6602"
"4777","254","HXD6604A"
"4778","254","HXD8822"
"4779","254","HXD8824"
"4780","254","HXD8825"
"4781","59","NS377754"
"4782","59","NS377755"
"4783","59","NS378760"
"4784","59","NS378763"
"4785","59","NS378863"
"4786","59","NS378767"
"4787","59","NS378770"
"4788","59","NS378773"
"4789","81","1088"
"4790","81","1644-2"
"4791","81","2644-2"
"4933","67","DS9138"
"4934","67","DS9139"
"4935","67","DS9140"
"4936","67","DS9141"
"4937","67","DS9144"
"4938","67","DS9145"
"4939","67","DS9146"
"4940","67","DS9147"
"4941","67","DS9148"
"4942","67","DS9149"
"4943","67","DS9150"
"4944","67","358"
"4945","67","276"
"4946","67","DS9189"
"4947","67","211"
"4948","67","DS9194"
"4949","67","8132"
"4950","67","8188"
"4951","67","DS9196"
"4957","127","KD-100B"
"4958","127","F2450"
"4959","127","KD-3866B"
"4960","127","EF-F2448"
"4961","127","KD-3866B-C"
"4962","127","EF-F2452"
"5021","219","A16892"
"5022","219","3599-14"
"5023","219","3599-12"
"5024","219","CXL500-24C"
"5025","219","2018-27B"
"5026","219","AB-59"
"5027","219","6286-69"
"5028","219","7288"
"5029","219","A16934"
"5030","219","4857"
"5031","219","4855"
"5032","219","9911-2"
"5033","224","BL-1258"
"5034","224","886-23A"
"5035","224","886-23B"
"5036","224","886-23C"
"5037","224","A380-6"
"5038","224","9911-2"
"5039","224","A16934"
"5040","224","4857"
"5041","224","886-23D"
"5042","224","2035A"
"5043","224","2034A"
"5044","224","2017A"
"5045","224","2017B"
"5046","224","2024A"
"5047","224","JX688-53"
"5048","224","JX688-46"
"5049","224","099-84"
"5050","224","AB-29"
"5051","224","2388"
"5052","224","8072"
"5053","224","A202"
"5054","224","A5896"
"5055","224","223"
"5056","224","423"
"5057","224","1881"
"5058","224","AB-55"
"5059","224","2618-12"
"5060","224","AB-14"
"5061","224","YM-E22"
"5062","224","YM-E36"
"5063","224","YM-C32"
"5064","224","YM-C10"
"5065","224","YM-E39"
"5066","224","YM-E19"
"5067","224","YM-E18"
"5068","224","YM-E24"
"5069","224","YM-E32"
"5070","224","YM-605"
"5071","224","YM-604"
"5072","224","YM-E33"
"5073","224","YM-E38"
"5074","224","YM-E10"
"5075","224","YM-C37"
"5076","224","YM-C30"
"5077","224","YM-E20"
"5078","224","YM-F32"
"5079","224","YM-E35"
"5080","224","5041"
"5081","224","1022-264"
"5082","224","A16892"
"5083","224","NS-N906"
"5084","224","N906"
"5085","224","7288"
"5086","224","AB-59"
"5087","224","6286-69"
"5088","224","3599-14"
"5089","224","3599-12"
"5090","224","CXL500-24C"
"5091","224","2018-27B"
"5139","373","1501"
"5140","373","1601"
"5141","373","1701"
"5142","373","2301"
"5143","373","2401"
"5144","373","2501"
"5145","373","4101"
"5146","373","4201"
"5147","373","4801"
"5148","373","0148"
"5149","373","0142"
"5150","373","0141"
"5151","373","0125"
"5152","373","0124"
"5153","35","5501"
"5154","35","0155"
"5155","35","5601"
"5156","35","0156"
"5157","312","CFX6-1"
"5158","312","CFX6-2"
"5159","312","CFX6-3"
"5160","312","CFX6-4"
"5161","312","CFX6-5"
"5162","312","CFX6-6"
"5163","312","CFX6-7"
"5164","312","CFX6-8"
"5165","312","CFX6-9"
"5166","312","CFX6-10"
"5167","312","CFX6-11"
"5168","312","CFX6-12"
"5169","312","CFX6-13"
"5170","312","CFX6-14"
"5171","312","CFX6-15"
"5172","312","CFX6-16"
"5173","312","CFX6-17"
"5174","312","CFX6-18"
"5175","312","CFX6-19"
"5176","312","CFX6-20"
"5177","312","CFX6-21"
"5178","312","CFX6-22"
"5179","312","CFX6-23"
"5180","312","CFX6-24"
"5181","312","CFX6-25"
"5182","312","CFX6-26"
"5183","312","CFX6-27"
"5184","312","CFX6-28"
"5185","312","CFX6-29"
"5186","312","CFX6-30"
"5187","389","M-70"
"5188","389","M-71"
"5189","389","M-72"
"5190","390","TTA40"
"5191","390","50W"
"5192","390","TTA39"
"5193","390","40W"
"5194","390","TTA38"
"5195","390","30W"
"5196","390","TTA37"
"5197","390","20W"
"5198","390","TTA36"
"5199","390","15W"
"5200","390","TTA35"
"5201","390","12W"
"5202","54","15986"
"5203","54","DS9190"
"5204","54","15973"
"5205","54","DS9191"
"5213","212","A16900"
"5214","212","1303A-31"
"5215","212","776-434A"
"5216","212","A17852"
"5217","212","LH-1804R"
"5218","212","1804"
"5219","393","FV-4425"
"5220","394","LK-11"
"5221","394","131"
"5222","394","127"
"5223","394","197"
"5224","394","3713-7"
"5235","396","FV-4426"
"5247","397","177"
"5248","397","HX-916"
"5249","397","HX-915"
"5250","397","PM-2831"
"5251","397","WH-1103"
"5252","398","M-1"
"5253","398","M-2"
"5254","398","M-3"
"5255","398","P6"
"5266","399","M-18"
"5267","399","M-19"
"5268","399","M-21"
"5269","399","M-39"
"5273","401","M-41"
"5276","403","M-34"
"5277","404","M-16"
"5278","404","M-17"
"5279","404","M-32"
"5280","405","M-52"
"5281","406","M-15"
"5282","406","M-82"
"5283","406","M-83"
"5304","408","M-26"
"5305","409","M-6"
"5306","409","M-24"
"5307","409","M-25"
"5308","409","M-53"
"5309","409","NA-1"
"5310","409","NA-2"
"5311","409","NA-3"
"5312","409","NA-4"
"5313","410","M-29"
"5314","410","YL-003"
"5315","411","M-7"
"5316","412","M-35"
"5317","413","M-22"
"5318","400","M-27"
"5319","400","M-28"
"5320","400","M-33"
"5321","108","LT-8451"
"5322","108","NS377683"
"5323","108","LT-8453"
"5324","108","NS377684"
"5325","108","LT-8751"
"5326","108","NS377685"
"5327","108","LT-8753"
"5328","108","NS377686"
"5329","108","LT-8061"
"5330","108","NS377687"
"5331","108","LT-8063"
"5332","108","NS377660"
"5333","108","LT-8071"
"5334","108","NS377689"
"5335","108","LT-8073"
"5336","108","LT-868"
"5337","108","NS377691"
"5338","108","LT-887"
"5339","108","NS377692"
"5340","108","NS377693"
"5341","108","NS377694"
"5342","108","NS377695"
"5343","108","NS377698"
"5344","108","NS377699"
"5345","108","NS377715"
"5346","108","NS377716"
"5395","414","M-20"
"5405","416","M-57"
"5406","416","M-58"
"5408","418","FV-1384"
"5409","419","M-50"
"5410","419","M-51"
"5411","420","JX-5588"
"5412","420","M-36"
"5413","421","M-54"
"5414","421","M-55"
"5415","421","M-56"
"5416","421","M-62"
"5417","422","M-31"
"5418","402","M-23"
"5419","402","M-37"
"5420","402","M-38"
"5421","392","ZQS1826A"
"5422","392","ZQS1826B"
"5423","392","ZQS1826D"
"5424","407","SCSX6-1"
"5425","407","SCSX6-2"
"5426","407","SCSX6-3"
"5427","407","SCSX6-4"
"5428","407","SCSX6-5"
"5429","407","SCSX6-6"
"5430","407","SCSX6-7"
"5431","407","SCSX6-8"
"5432","407","SCSX6-9"
"5433","407","SCSX6-10"
"5434","407","SCSX12-11"
"5435","407","SCSX12-12"
"5436","407","SCSX12-13"
"5437","407","SCSX12-14"
"5438","407","SCSX12-15"
"5439","407","SCSX12-16"
"5440","407","SCSX12-17"
"5441","407","SCSX12-18"
"5442","407","SCSX12-19"
"5443","407","SCSX12-20"
"5444","244","NS377784"
"5445","244","NS379298"
"5447","424","VF-113"
"5448","425","VF-113"
"5449","123","KD-350MSC"
"5450","123","KD-3866B"
"5451","123","KK-82MS-B-C"
"5452","123","KD-815"
"5453","123","KD-82MS-2"
"5454","72","YKAX-2603"
"5455","72","YKAX-2634"
"5456","72","YKAX-2632"
"5457","72","YKAX-2600"
"5458","72","YKAX-3405"
"5459","72","YKAX-4500"
"5460","72","SXL-5402"
"5461","72","SXL-5432"
"5462","72","SXL-3426"
"5463","72","SXL-2601"
"5464","72","SXL-3436"
"5465","72","SXL-3405"
"5466","72","SXL-3400"
"5467","72","SXL-2602"
"5468","72","HY-1614"
"5469","72","HY-3305"
"5470","72","XS-1021"
"5471","72","JT-2300"
"5472","72","RYH-3405"
"5473","72","RYH-3500"
"5474","72","RYH-2600"
"5475","72","RYH-2632"
"5476","72","RYH-2623"
"5477","72","YSY-6206"
"5478","72","JMC-8707-6"
"5479","72","JMC-8706-6"
"5480","20","LT-751"
"5481","20","NS377660"
"5482","20","LT-747"
"5483","20","LT-748"
"5484","20","NS377662"
"5485","20","LT-746"
"5486","20","NS377663"
"5487","20","LT-732"
"5488","20","LT-733"
"5489","20","LT-764"
"5490","20","NS377665"
"5491","20","LT-766"
"5492","20","NS377667"
"5493","20","LT-767"
"5494","20","LT-768"
"5495","20","LT-749"
"5496","20","NS377670"
"5497","20","LT-750"
"5498","20","LT-763"
"5499","20","LT-765"
"5500","20","NS377673"
"5501","20","LT-753"
"5502","20","NS377674"
"5503","20","LT-754"
"5504","20","NS377675,"
"5505","20","LT-721"
"5506","20","LT-718"
"5507","20","NS377677"
"5508","20","LT-737"
"5509","20","NS377678"
"5510","20","LT-752"
"5511","20","NS377679"
"5512","20","LT-755"
"5513","20","NS377680"
"5514","20","LT-742"
"5515","20","NS377681"
"5516","20","LT-745"
"5517","20","NS377682"
"5518","20","LT-6"
"5519","20","NS377696"
"5520","20","LT-8"
"5521","20","NS377697"
"5522","20","NS377700"
"5523","20","LT-45"
"5524","20","NS377701"
"5525","20","LT-29"
"5526","20","NS377702"
"5527","20","EP-761"
"5528","426","VF-30462"
"5529","427","VF-3846"
"5530","428","VF-3661"
"5531","429","VF-7529"
"5532","44","JW-6871"
"5533","44","JW-6872"
"5534","44","JW-6864"
"5535","44","JW-6865"
"5536","44","JW-6867"
"5537","44","JW-6868"
"5538","44","JW-6862"
"5539","44","JW-6842"
"5540","44","JW-6860"
"5541","44","JW-6861"
"5542","44","CJ-3116"
"5543","44","JH-1689"
"5544","44","JH-1682"
"5545","44","JH-1688"
"5546","44","2553"
"5547","44","2555"
"5548","430","VF-3857"
"5549","431","VF-72"
"5550","432","VF-3782"
"5551","433","VF-201"
"5552","434","VF-1065"
"5566","391","GTS-1961"
"5567","391","GTS-2307"
"5568","391","GTS-2288"
"5569","45","50X35X20"
"5570","45","60X45X20"
"5571","45","70X53X20"
"5572","45","80X56X25"
"5573","45","35X27X12"
"5574","45","70X55X23"
"5575","45","80X60X25"
"5576","45","90X58X25"
"5577","45","40X35X15"
"5578","45","45X40X15"
"5579","45","55X45X20"
"5580","45","65X50X25"
"5581","45","75X60X25"
"5582","435","8731-1"
"5583","435","8731-2"
"5584","435","8731-3"
"5585","436","FV-1421"
"5586","56","MNT-180"
"5587","56","MNT-181"
"5588","56","MNT-183"
"5589","56","MNT-176"
"5590","56","MNT-178"
"5591","276","MNT-156"
"5592","276","MNT-157"
"5593","276","MNT-159"
"5594","276","MNT-160"
"5595","276","MNT-161"
"5596","276","MNT-162"
"5597","276","MNT-163"
"5598","276","MNT-164"
"5599","276","MNT-165"
"5600","276","MNT-166"
"5601","276","MNT-167"
"5602","276","MNT-168"
"5603","275","MNT-169"
"5604","275","MNT-170"
"5605","275","MNT-171"
"5606","275","MNT-172"
"5607","275","MNT-173"
"5608","275","MNT-146"
"5609","275","MNT-147"
"5610","275","MNT-148"
"5611","275","MNT-149"
"5612","275","MNT-150"
"5613","275","MNT-151"
"5614","275","MNT-152"
"5615","275","MNT-153"
"5616","83","MNT-139"
"5617","83","MNT-138"
"5618","83","MNT-136"
"5619","83","MNT-135"
"5620","83","MNT-134"
"5621","83","MNT-133"
"5622","83","MNT-132"
"5623","83","MNT-131"
"5624","83","MNT-130"
"5625","83","MNT-129"
"5626","83","MNT-128"
"5627","83","MNT-127"
"5628","83","MNT-126"
"5703","395","YM88182"
"5704","395","DD5630A"
"5705","395","YM88172A"
"5706","395","DD8049B"
"5707","395","YM88185"
"5708","395","DDG002-2"
"5709","395","DD8032A"
"5710","395","DD8064A"
"5711","395","DD5619E"
"5712","395","YM88196A"
"5713","443","ZJ-2ZB 12FT"
"5714","443","ZJ-2ZB 15FT"
"5715","443","ZJ-2ZB 20FT"
"5716","443","ZJ-2ZB 6FT"
"5717","443","ZJ-2ZB 9FT"
"5718","443","ZJ-2ZB 3M"
"5719","443","ZJ-2ZB 6M"
"5720","443","ZJ-2ZB 10M"
"5721","443","ZJ-2ZB 8M"
"5722","443","ZJ-2ZB 15M"
"5723","443","ZJ-2ZB 20M"
"5724","444","ZJ-2ZB 12FT"
"5725","444","ZJ-2ZB 15FT"
"5726","444","ZJ-2ZB 8M"
"5727","437","AB-120"
"5728","437","PGX-816"
"5729","437","PGX-815"
"5730","437","AB-802"
"5731","437","PGX-002"
"5732","437","PGX-014"
"5733","437","PGX-013"
"5734","437","PGX-8005"
"5735","437","PGX-S15"
"5736","437","PGX-S14"
"5737","437","PGX-8001"
"5738","437","PGX-8002"
"5739","437","PGX-AB-13F"
"5740","437","PGX-13G-1"
"5741","437","PGX-14G"
"5742","437","PGX-13G"
"5743","437","PGX-14C"
"5744","437","PGX-14P"
"5745","437","PGX-13P"
"5746","437","AB-805"
"5747","437","AB-806"
"5748","437","XM-002"
"5749","437","AB-0815"
"5750","437","AB-0816"
"5751","437","AB-0817"
"5752","437","AB-0818"
"5753","437","XM-001"
"5754","438","NS377841"
"5755","438","NS377840"
"5756","438","NS377842"
"5757","438","NS377843"
"5758","438","NS377844"
"5759","439","2303"
"5760","439","1903"
"5761","439","6624"
"5781","440","FV-1454"
"5795","445","2012"
"5796","445","9234"
"5797","445","9233"
"5798","445","2013"
"5799","445","6070"
"5800","445","6071"
"5801","445","1007"
"5802","445","6072"
"5803","445","YT-401"
"5804","445","1010"
"5805","445","1698"
"5806","445","2306"
"5807","445","2305"
"5808","445","NS377873"
"5809","445","NS377860"
"5810","445","NS377861"
"5811","445","NS377871"
"5812","222","AB-36"
"5813","222","8865-2"
"5814","222","8865-4"
"5815","222","8865-1"
"5816","222","8865-9"
"5836","441","FV-1437"
"5865","442","6056"
"5866","442","6016-3"
"5867","446","AB-S20"
"5868","446","AB-10PCS"
"5869","446","AB-119"
"5870","446","PGX-3PCS"
"5871","446","PGX-001"
"5872","446","PGX-S16"
"5873","446","PGX-S17"
"5874","446","AB-13K"
"5875","446","AB-14B"
"5876","446","AB-13B"
"5877","446","PGX-AB-14F"
"5878","446","PGX-14G-1"
"5879","446","PGX-14H"
"5880","446","PGX-13H"
"5881","446","PGX-13C"
"5882","446","PGX-8004A"
"5883","446","PGX-8003A"
"5884","446","AB-CSHD"
"5885","446","AB-201"
"5886","446","PGX-AB-13B"
"5887","417","M-40"
"5888","417","M-42"
"5889","415","M-43"
"5890","415","M-44"
"5891","415","M-45"
"5892","415","M-46"
"5893","415","M-47"
"5894","415","M-48"
"5895","415","139"
"5896","415","110"
"5897","415","X10"
"5898","415","JY-302"
"5902","448","M-1SOM"
"5903","448","M-2SOM"
"5904","448","M-3SOM"
"5920","449","ELT16"
"5921","449","ELT17"
"5922","449","ELT18"
"5923","449","ELT19"
"5924","450","VF-316467"
"5925","451","FV-316467"
"5926","452","A-27"
"5927","452","A-52"
"5928","452","A-39"
"5929","452","A-42"
"5930","452","A-51"
"5931","452","A-33"
"5932","452","A-48"
"5933","452","A-49"
"5934","452","A-17"
"5935","452","A-32"
"5936","452","A-7"
"5937","452","A-5"
"5938","452","23006"
"5939","452","23021"
"5940","452","23007"
"5941","452","230"
"5942","452","23024"
"5943","452","23017"
"5944","452","23025"
"5945","453","K638"
"5946","453","M-1SOMBRI"
"5947","453","M-2SOMBRI"
"5948","453","K284"
"5949","453","K617"
"5950","453","M-3SOMBRI"
"5951","453","M-4SOMBRI"
"5952","453","M-5SOMBRI"
"5953","453","M-6SOMBRI"
"5954","453","M-7SOMBRI"
"5955","453","M-8SOMBRI"
"5956","453","M-9SOMBRI"
"5957","453","M-10SOMBRI"
"5960","455","FV-1157"
"5961","456","VF-1157"
"5962","457","CX-130"
"5963","457","CX-150"
"5965","458","FV-4870"
"5966","459","VF-4870"
"5967","460","FV-1494"
"6045","463","FV-315470"
"6065","454","M-1POCI"
"6066","454","M-2POCI"
"6067","467","FV-1601"
"6068","326","SOM-1"
"6069","326","SOM-2"
"6070","326","SOM-3"
"6071","326","SOM-4"
"6072","326","SOM-5"
"6073","326","SOM-6"
"6120","462","DM6045"
"6121","462","3801"
"6122","462","3796"
"6123","462","7022"
"6124","462","7021"
"6125","462","7020"
"6126","462","0091A"
"6127","462","3746"
"6128","462","6000"
"6129","462","6020"
"6130","462","6001"
"6131","462","6003"
"6132","462","6009"
"6133","462","6004"
"6134","462","A324"
"6135","462","A323"
"6136","462","2914"
"6137","464","2281B"
"6138","464","JL8831"
"6139","464","L-611"
"6140","464","TJ-30A/B"
"6141","464","JQK8"
"6142","464","T10-2B"
"6143","464","JL8902A"
"6144","464","JL8830"
"6145","464","JL8861B/C"
"6146","464","JL8861-A"
"6147","464","JL8835"
"6148","464","JL8839A"
"6149","464","88-58"
"6150","465","KD-815"
"6151","465","KD-100B"
"6152","465","KD-8837B"
"6153","465","KD-3851B"
"6154","465","KD-3866B"
"6157","466","5"
"6158","469","24502"
"6159","469","80185"
"6160","469","24102"
"6161","470","FV-1642"
"6162","471","FV-31430"
"6163","472","JP302"
"6164","473","TJ-001-5P"
"6165","473","TJ-001-6P"
"6166","473","TJ-004-4P"
"6167","473","TJ-004-5P"
"6168","473","TJ-004-6P"
"6169","473","TJ-004-8P"
"6170","473","TJ-A132"
"6171","474","JP748-2"
"6172","474","JP748-3"
"6173","474","JP749-1"
"6174","474","JP905"
"6175","475","TJ-001-5P"
"6176","475","TJ-001-6P"
"6177","475","TJ-004-4P"
"6178","475","TJ-004-5P"
"6179","475","TJ-004-6P"
"6180","475","TJ-004-8P"
"6181","475","TJ-A132"
"6182","476","JP748-2"
"6183","476","JP748-3"
"6184","476","JP749-1"
"6185","476","JP905"
"6232","478","FV-1576"
"6255","482","FV-8677"
"6256","483","CH20253"
"6257","483","CH20254"
"6258","483","CH20255"
"6259","483","CH20256"
"6260","483","CH20257"
"6261","483","CH20259"
"6262","483","CH20260"
"6263","483","CH20261"
"6264","483","CH20262"
"6265","483","CH20263"
"6266","484","FV-1650"
"6267","485","AA001"
"6268","486","2442"
"6269","486","80006"
"6270","486","24131"
"6271","486","24134"
"6272","486","24132"
"6273","486","24133"
"6274","486","80005"
"6275","486","80012"
"6276","486","80003"
"6277","486","80001"
"6278","486","80007"
"6279","486","23551"
"6280","486","23553"
"6281","486","23552"
"6282","486","60009"
"6283","486","60002"
"6284","486","60011"
"6285","487","RX-BT1112S"
"6286","487","RX-BT032"
"6287","487","RX-BT031S"
"6288","487","RX-BT033S"
"6289","488","MJ2438"
"6290","488","MJ2439"
"6291","488","MJ2441"
"6292","488","MJ2440"
"6293","489","FV-233"
"6294","477","XM-2813"
"6295","477","XM-2814"
"6296","477","XM-2819"
"6297","477","XM-2820"
"6298","477","BYT-4045"
"6299","477","BYT-4049"
"6300","477","BYT-4047"
"6301","477","BYT-4051"
"6302","477","BYT-4203"
"6303","477","BYT-4001"
"6304","477","BYT-4202"
"6305","477","BYT-4048"
"6306","477","BYT-4005"
"6307","477","SY-11"
"6308","477","SY-15"
"6309","477","SY-10"
"6310","477","SY-5"
"6311","477","SY-1"
"6312","477","SY-3"
"6313","477","ML-5834C"
"6314","477","ML-5842C"
"6315","477","ML-5837C"
"6316","477","ML-5871C"
"6317","477","ML-5835C"
"6318","477","ML-5888C"
"6319","477","XC-054-2"
"6320","477","XC-052-2"
"6321","477","XC-054-1"
"6322","477","XC-052-1"
"6323","477","XM-2733"
"6324","477","XM-2732"
"6325","477","ZZ-57308-3"
"6326","477","ZZ-57315-3"
"6327","477","ZZ-57305-2"
"6328","477","ZZ-57306-3"
"6329","477","DM-1906"
"6330","477","DM-1901"
"6331","477","DM-1902"
"6332","477","DM-1906-4"
"6333","477","DM-1901-4"
"6334","477","QJ-A9602-4"
"6335","477","QJ-A9601-4"
"6336","477","QJ-A9605-4"
"6337","477","QJ-A9604-4"
"6338","477","ZZ-51202-4"
"6339","477","ZZ-51201-3"
"6425","490","AD-1813#"
"6426","491","9581-69"
"6427","491","066-68-86"
"6428","491","9551-69"
"6429","491","8587CD"
"6430","491","8587BJ"
"6431","491","8586CC"
"6432","491","CEP-1"
"6433","491","CEP-2"
"6434","491","CEP-3"
"6435","491","CEP-001"
"6436","491","CEP-002"
"6437","491","CEP-003"
"6438","491","CEP-004"
"6439","491","CEP-005"
"6440","491","CEP-006"
"6441","491","CEP-007"
"6442","491","CEP-008"
"6443","492","GUA-1"
"6444","493","3611A-1"
"6445","493","3621A"
"6446","493","3621A-1"
"6447","493","3631A"
"6448","493","3641A"
"6449","493","3642A"
"6450","493","3651A-1"
"6451","493","3651A"
"6452","493","3661A"
"6453","493","3671A"
"6454","493","3681A"
"6455","493","3691A"
"6456","493","36101A"
"6457","493","36111A"
"6458","493","36121A"
"6459","493","36131A"
"6460","493","36141A"
"6461","493","36151A"
"6462","493","36151A-1"
"6463","493","3612A"
"6464","493","3622A"
"6465","493","3662A"
"6466","493","3672A"
"6467","493","3682A"
"6468","493","36122A"
"6469","493","3611A-2"
"6470","493","36211A"
"6471","493","36221A"
"6472","493","36201A"
"6473","493","36231A"
"6474","493","3619A"
"6475","493","3631A-2"
"6476","493","3618A"
"6477","493","G7-738"
"6478","493","G7-739"
"6479","494","CHARGE2+"
"6480","494","MINI"
"6481","494","BASS-35"
"6482","494","LW"
"6483","494","S3"
"6484","494","S3-M"
"6485","494","G2389"
"6486","494","Q106"
"6487","494","S29"
"6488","494","S29-M"
"6489","494","TG-314"
"6490","495","RX-BT618"
"6491","495","RX-BT628"
"6492","495","RX-BT628S"
"6493","495","RX-BT3040S"
"6494","495","RX-BT3050S"
"6511","496","SOM-001"
"6512","496","SOM-002"
"6513","496","SOM-003"
"6514","496","SOM-004"
"6515","496","SOM-005"
"6516","496","SOM-006"
"6517","496","SOM-007"
"6518","496","SOM-008"
"6519","496","SOM-009"
"6520","496","SOM-010"
"6521","496","SOM-011"
"6522","496","SOM-012"
"6523","496","SOM-013"
"6524","496","SOM-014"
"6525","496","SOM-015"
"6526","497","FV-1702"
"6529","500","FV-20638"
"6530","501","FV-20939"
"6531","499","EN02034"
"6532","499","WG-2"
"6538","498","WQ-143"
"6539","498","2020-1"
"6540","502","FV-1200"
"6541","503","FV-7300"
"6542","504","LOA-020"
"6543","504","LOA-021"
"6544","505","VF-1200"
"6545","506","BLS-01"
"6546","506","BLS-02"
"6547","506","BLS-03"
"6548","506","BLS-04"
"6549","506","BLS-05"
"6550","506","BLS-06"
"6551","506","BLS-07"
"6552","507","FV-1236"
"6553","508","VF-1236"
"6554","509","BOL-001"
"6555","509","BOL-002"
"6556","509","BOL-003"
"6557","509","BOL-005"
"6558","509","BOL-006"
"6559","509","BOL-007"
"6560","509","BOL-008"
"6561","509","BOL-009"
"6562","509","BOL-010"
"6563","509","BOL-011"
"6564","509","BOL-012"
"6565","509","BOL-013"
"6566","509","BOL-014"
"6567","509","BOL-015"
"6568","510","FV-1852"
"6569","511","FV-1847"
"6570","512","25DH-468"
"6571","513","DFA2507-269"
"6572","514","611-1"
"6573","514","661-11"
"6574","515","857-78"
"6575","516","562"
"6576","516","530"
"6577","516","YH840"
"6578","517","H553"
"6579","517","XD688-37"
"6580","517","A88-44"
"6581","517","718AB"
"6582","517","A88-34"
"6583","518","MD034"
"6584","519","YH8601A"
"6585","519","YH8461A"
"6586","519","YH8501A"
"6587","519","YH8701A"
"6588","519","BQ600-140"
"6589","519","BQ600-146"
"6590","519","3633"
"6591","519","209-130"
"6592","519","585-105"
"6593","519","297"
"6594","519","YH900A"
"6595","519","BQ600-144"
"6596","519","168-25A"
"6597","519","HY-769"
"6598","519","3636"
"6599","519","H-65M"
"6600","519","3630"
"6601","519","168-4110"
"6602","519","1856-"
"6603","519","1856-13"
"6604","519","1856-15"
"6605","519","1856-17"
"6606","519","1856-18"
"6607","519","1856-19"
"6608","519","1856-22"
"6609","519","1856-29"
"6610","519","1856-31"
"6611","519","1856-32"
"6612","519","1856-33"
"6613","519","1856-34"
"6614","519","1856-35"
"6615","519","1856-41"
"6616","519","1856-42"
"6617","519","586-23"
"6618","519","2248-1"
"6619","519","2248-2"
"6620","519","2248-3"
"6621","519","2248-4"
"6622","519","2248-5"
"6623","519","2248-6"
"6624","519","2248-7"
"6625","519","2248-8"
"6626","519","2248-9"
"6627","519","2248-10"
"6628","519","2248-11"
"6629","519","2248-14"
"6630","519","2248-15"
"6631","519","HC-360"
"6632","519","YH8802D"
"6633","519","YH8802A"
"6634","519","YH8802B"
"6635","519","YH8802C"
"6636","519","5051B"
"6637","519","BQ600-153"
"6638","519","LT2226-A19"
"6639","519","168-33A"
"6640","519","209-13D"
"6641","519","209-13B"
"6642","519","168-24A"
"6643","519","168-8"
"6644","519","HY010"
"6645","519","168-6"
"6646","519","HC-361"
"6647","519","619"
"6648","519","YH901A"
"6649","519","YH883A"
"6650","519","YH882A"
"6651","519","YH908A"
"6652","519","YH906A"
"6653","519","297-6"
"6654","519","PX044759"
"6655","519","PX044756"
"6656","519","PX044761"
"6657","519","PX044754"
"6658","519","PX047022"
"6659","519","PX047020"
"6660","519","PX048873"
"6661","519","PX048871"
"6662","519","PX044510"
"6663","519","PX044516"
"6664","519","PX044512"
"6665","519","PX044508"
"6666","519","PX044514"
"6667","519","PX044522"
"6668","519","PX044526"
"6669","519","PX031703"
"6670","519","PX001072"
"6671","519","PX049876"
"6672","520","FV-1944"
"6673","521","FV-1945"
"6674","522","1856-2"
"6675","522","1856-12"
"6676","522","1856-16"
"6677","522","1856-21"
"6678","522","1856-24"
"6679","522","1856-25"
"6680","522","1856-26"
"6681","522","1856-37"
"6682","522","1856-39"
"6683","522","1856-43"
"6684","522","209-4D"
"6685","522","168-2"
"6686","522","HY-680"
"6687","522","786-11013"
"6688","522","3634"
"6689","522","6668-14A"
"6690","522","PX044806"
"6691","522","PX050507"
"6692","522","PX044204"
"6693","522","3637"
"6694","522","6668-15A"
"6695","522","HY-699"
"6696","522","6668-6A"
"6697","522","PX044931"
"6698","522","PX050645"
"6699","522","PX027586"
"6700","522","PX050644"
"6701","522","PX049324"
"6702","522","PX041589"
"6703","522","PX015686"
"6704","522","PX046494"
"6705","522","PX050627"
"6706","522","PX0411589"
"6707","522","PX031706"
"6708","522","PX031704"
"6709","522","PX031697"
"6710","522","PX028688"
"6711","522","PX028687"
"6712","522","PX043633"
"6713","522","PX043635"
"6714","522","PX043632"
"6715","522","PX046846"
"6716","522","PX049934"
"6717","522","PX049936"
"6718","522","PX049929"
"6719","522","PX051841"
"6720","522","PX044808"
"6721","522","PX044809"
"6722","523","1856-7"
"6723","523","1856-8"
"6724","523","1856-10"
"6725","523","1856-20"
"6726","523","1856-30"
"6727","523","1856-38"
"6728","523","1856-40"
"6729","523","YM-8800F"
"6730","524","1856-4"
"6731","524","1856-23"
"6732","524","2248-12"
"6733","524","2248-13"
"6734","524","YH8802D"
"6735","524","YH8802A"
"6736","524","YH8801C"
"6737","524","YH8802B"
"6738","524","HC-502"
"6739","524","HY-619"
"6740","525","FV-1944"
"6741","526","FV-1945"
"6742","527","B3-6681-1"
"6743","527","B3-6681-2"
"6744","527","B3-6681-3"
"6745","527","B3-6681-4"
"6746","527","B3-6681-5"
"6747","527","B3-6681-6"
"6748","527","B3-6681-7"
"6749","527","B3-6681-8"
"6750","527","B3-6681-9"
"6751","527","B3-6681-10"
"6752","527","B3-6681-11"
"6753","527","B3-6681-12"
"6754","527","B3-6681-13"
"6755","527","B3-6681-14"
"6756","527","B3-6681-15"
"6757","527","B3-6681-16"
"6758","527","B3-6681-17"
"6759","527","B3-6681-18"
"6760","527","B3-6681-19"
"6761","527","B3-6681-20"
"6762","527","B3-6681-21"
"6763","527","B3-6681-22"
"6764","527","B3-6681-23"
"6765","527","B3-6681-24"
"6766","527","B3-6681-25"
"6767","527","B3-6681-26"
"6768","527","B3-6681-27"
"6769","527","B3-6681-28"
"6770","527","B3-6681-29"
"6771","527","B3-6681-30"
"6772","527","B3-6681-31"
"6773","527","B3-6681-32"
"6774","527","B3-6681-33"
"6775","527","B3-6681-34"
"6776","527","B3-6681-35"
"6777","527","B3-6681-36"
"6778","527","B3-6681-37"
"6779","527","B3-6681-38"
"6780","527","B3-6681-39"
"6781","527","B3-6681-40"
"6782","527","B3-6681-41"
"6783","527","B3-6681-42"
"6784","527","B3-6681-43"
"6785","527","B3-6681-44"
"6786","527","B3-6681-45"
"6787","527","B3-6681-46"
"6788","527","B3-6681-47"
"6789","527","B3-6681-48"
"6790","528","VE24502-1"
"6791","528","VE24502-2"
"6792","528","VE24502-3"
"6793","528","VE24502-4"
"6794","529","FV-2002"
"6795","530","FV-1972"
"6796","531","1856-3"
"6797","531","1856-11"
"6798","532","1856-14"
"6799","532","1856-27"
"6800","532","1856-28"
"6801","532","1856-36"
"6802","533","1856-5"
"6803","533","1856-6"
"6804","533","1856-7"
"6805","533","1856-9"
"6806","533","1856-20"
"6807","534","1856-21"
"6833","536","MIC-2"
"6834","536","MIC-3"
"6835","537","CS-232-TYPEC"
"6836","537","CS-232-V8"
"6837","537","CH-9039"
"6838","537","CH-9028"
"6839","537","CH-9041"
"6840","537","CH-9034"
"6841","537","S10-V8"
"6842","537","S10-TYPEC"
"6843","537","CH-9025"
"6844","537","35W-TYPEC"
"6845","537","CH-9033"
"6846","538","PEN-1"
"6847","539","EP-759"
"6848","539","CA-8063"
"6849","539","CA-8073"
"6850","539","CA-1020"
"6851","539","CA-2018"
"6852","539","CA-1012"
"6853","539","CA-899"
"6854","539","889-V8"
"6855","539","CA-8061"
"6856","539","CA-8071"
"6857","539","CA-5023"
"6858","539","CA-5015"
"6859","540","1708"
"6860","540","ZJ1598-8"
"6861","540","FC-882"
"6862","540","YH-386"
"6863","540","CYL-9936"
"6864","540","14637-1"
"6865","540","K08"
"6866","540","XY-8068"
"6867","540","5146"
"6868","540","5147"
"6869","540","201"
"6870","540","618"
"6871","540","9936"
"6872","540","101"
"6873","540","1170"
"6874","540","1173"
"6875","540","1175"
"6876","540","18601"
"6877","540","001COB"
"6878","540","14582-1"
"6879","541","FV-1308"
"6880","542","VF-1308"
"6881","535","EP-782"
"6882","535","EP-751"
"6883","535","EP-765"
"6884","535","EP-766"
"6885","535","EP-768"
"6886","535","EP-763"
"6887","535","EP-760"
"6888","535","BT-50"
"6889","535","BT-A6"
"6890","535","BT-A5"
"6891","535","KH-3"
"6892","535","A3"
"6893","535","BT-30452"
"6894","535","CA-2012"
"6895","535","EP-8804"
"6896","535","EP-8803"
"6897","535","EP-783"
"6898","535","EP-746"
"6899","535","EP-747"
"6900","535","EP-748"
"6901","535","EP-750"
"6902","535","EP-767"
"6903","535","EP-732"
"6904","535","EP-775"
"6905","535","BT-45"
"6906","543","10965-1"
"6907","543","10965-3"
"6908","543","10965-4"
"6909","543","10965-5"
"6910","543","10965-6"
"6911","543","10965-7"
"6912","543","10965-8"
"6913","543","10965-9"
"6914","543","10965-10"
"6915","543","10965-11"
"6916","543","10965-12"
"6917","543","10965-13"
"6918","543","10965-14"
"6919","543","10965-15"
"6920","543","10965-16"
"6921","543","10965-17"
"6922","543","10965-18"
"6923","543","10965-19"
"6924","543","10965-20"
"6925","543","10965-21"
"6926","543","10965-22"
"6927","543","10965-23"
"6928","543","10965-24"
"6929","543","10965-25"
"6930","543","10965-26"
"6931","543","10965-27"
"6932","543","10965-28"
"6933","543","10965-29"
"6934","544","9903"
"6935","544","085-3"
"6936","544","085-4"
"6937","544","085-1"
"6938","544","085-2"
"6939","544","1681"
"6940","544","E025-1"
"6941","544","2240"
"6942","544","899"
"6943","544","2242"
"6944","544","8901"
"6945","544","8902"
"6946","544","8903"
"6947","544","6644"
"6948","544","6647"
"6949","544","016"
"6950","544","986"
"6951","544","970"
"6952","544","0312"
"6953","544","9305"
"6954","544","9300"
"6955","544","9677"
"6956","544","9203"
"6957","544","9301"
"6958","544","0304"
"6959","544","0105"
"6960","544","HW001"
"6961","544","HW002"
"6962","545","ZS-0303"
"6963","545","ZS-0306"
"6964","545","ZS-0307"
"6965","545","ZS-0308"
"6966","545","ZS-0301"
"6967","545","X-609"
"6968","545","X-608"
"6969","545","X-607"
"6970","545","X-603"
"6971","545","8175"
"6972","545","853"
"6973","545","653"
"6974","545","YXC967"
"6975","545","936"
"6976","545","8158"
"6977","545","SJQ137"
"6978","545","SJQ138"
"6979","545","SJQ140"
"6980","545","B102"
"6981","545","B101-3"
"6982","545","B101"
"6983","545","0839"
"6984","545","501-B"
"6985","545","503"
"6986","545","504"
"6987","545","9904"
"6988","545","9905"
"6989","545","9902"
"6990","545","6801"
"6991","545","508"
"6992","546","FV-1311"
"6993","547","VF-1311"
"6994","548","LSD97"
"6995","548","LSD98"
"6996","548","SNB-1"
"6997","548","SNB-2"
"6998","548","3147"
"6999","548","2626"
"7000","548","3148"
"7001","548","3145"
"7002","548","3132"
"7003","548","3135"
"7004","548","3150"
"7005","548","3152"
"7006","548","3108"
"7033","551","H8177"
"7034","551","H8173"
"7035","551","S6560"
"7036","551","S6563"
"7037","552","FV-2185"
"7038","550","10968-1"
"7039","550","10968-2"
"7040","550","10968-3"
"7041","550","10968-4"
"7042","550","10968-5"
"7043","550","10968-6"
"7044","550","10968-7"
"7045","550","10968-8"
"7046","550","10968-9"
"7047","550","10968-10"
"7066","549","FV-58"
"7067","553","FV-2155"
"7083","555","10968-1"
"7084","555","10968-2"
"7085","555","10968-3"
"7086","555","10968-4"
"7087","555","10968-5"
"7088","555","10968-6"
"7089","555","10968-7"
"7090","555","10968-8"
"7091","555","10968-9"
"7092","555","10968-10"
"7093","556","H8177"
"7094","556","H8173"
"7095","556","S6560"
"7096","556","S6563"
"7097","554","V90-4"
"7098","554","V90-6"
"7099","554","57896"
"7100","554","57989"
"7101","554","P988"
"7102","554","P986"
"7103","554","P985"
"7104","554","P999"
"7105","554","P998"
"7106","554","P997"
"7107","554","V3-3011"
"7108","554","V3-3008"
"7109","554","P700"
"7110","554","P703"
"7111","554","G1435-1"
"7112","554","G1435-2"
"8","PAÑALERA FACT 1061","2025-02-04","1750798103_PAÑALERA (FAC 1061) REF DS 9138-DS 9139-DS 9140-DS 9141-DS 9144-DS 9145-DS 9146-DS 9147-DS 9148-DS 9149-DS 9150.pdf"
"9","AFEITADORA( FACTURA 37)","2023-08-31","1750987083_AFEITADORA (FACT-37) 0610-1410.pdf"
"10","AFEITADORA( FACTURA 37)","2023-08-31","1750987087_AFEITADORA (FACT-37) 0610-1410.pdf"
"11","AFEITADORA( FACTURA 37)","2023-08-31","1750987089_AFEITADORA (FACT-37) 0610-1410.pdf"
"12","AFEITADORA( FACTURA 37)","2023-08-31","1750987100_AFEITADORA (FACT-37) 0610-1410.pdf"
"13","AFEITADORA( FACTURA 37)","2023-08-31","1750987110_AFEITADORA (FACT-37) 0610-1410.pdf"
"14","AFILADOR( FACTURA 45)","2023-10-17","1750987402_AFILADOR (FACT-45) DS 230135-DS 230139.pdf"
"15","ALFORJAS(FACT 45)","2023-10-17","1750988576_ALFORJAS (FACT-45) DS 230167-DS 230168-DS 230174-DS 230175-DS 230176-DS 230177-DS 230178-DS 230185-DS 230186-DS 230187-DS 230188-DS 230189.pdf"
"16","ALICATE(FACT 106)","2024-03-06","1750988759_ALICATE (FACT-106) 5101-5201-5301.pdf"
"17","ALISADOR CABELLO( FACT 37)","2023-08-31","1750988831_ALISADOR CABELLO (FACT-37) 1310.pdf"
"18","ALMOHADA BEBE (FACT 72)","2024-10-28","1750988913_ALMOHADA BEBE ( FACT 72 ) - 378661.pdf"
"20","AUDIFONOS 1(FACT74)","2024-10-28","1751034764_AUDIFONOS (FACT 74)  LT-746 NS 377673 -LT-132-LT-733-LT-767-LT-753 377674 -LT-750-LT-754 NS 377675 -LT-718 NS 377677- copia.pdf"
"21","TERMOMETRO 2 ( FACT 80)","2024-11-13","1751493126_TERMOMETRO  ( FACT 80) -NS 378712.pdf"
"22","AUDIFONOS 3 (FACT 106)","2024-03-06","1751035899_AUDIFONOS (FACT-106) REF 4120 MOD 2041-4220 MOD 2042-4320 MOD 2043.pdf"
"23","BALACA (FACT80)","2024-11-12","1751036091_BALACA ( FACT 80) - 379294.pdf"
"24","BALON (FACT25)","2023-08-11","1751036571_BALON (FACT-25) 0717-0817-0917-2217.pdf"
"25","BALON 2(FACT 25)","2023-08-11","1751036723_BALON (FACT-25) 1317.pdf"
"26","BALON BASKETBALL(FACT 25)","2023-08-11","1751036888_BALON BASKETBALL (FACT-25) 0917-.pdf"
"27","BALON PELOTAS (FACT25)","2023-08-12","1751037094_BALON PELOTAS (FACT-25) 0117-0217-0517-1617-1017-1117-1217-1417-1517-1617.pdf"
"28","BALON VOLEIBOL","2024-03-11","1751037383_BALON VOLEIBOL (FACT-115) DS 1532-DS 1535.pdf"
"29","BALON VOLEIBOL","2024-03-11","1751037384_BALON VOLEIBOL (FACT-115) DS 1532-DS 1535.pdf"
"30","BEBE 1(FACT37)","2023-08-31","1751037613_BEBE (FACT-37) 3113-3213-3313-3413-3513-3613-3713-3813-3913.pdf"
"31","BEBE 2 (FACT 115)","2024-03-11","1751037925_BEBE (FACT-115) DS 1478-DS 1479-DS1480-DS 1481-DS 1482-DS 1483.pdf"
"32","BIBERON 1 (FACT37)","2023-08-31","1751038258_BIBERON (FACT-37) 0713-0813-0913-1013-1113-1213-1313-1413-1513-1613-1713-1813-1913-2013-2913.pdf"
"33","BIBERON 2(FACT24)","2024-06-25","1751038783_BIBERON (FACT-24) NS 378609-NS 378610-NS 378611-NS 37812-NS 378613-NS 378614-NS 375615-NS 378616-NS 378617-NS 378618-NS 378619-NS 378620-NS 378621-NS 378623-NS 378624-NS 378625-NS 378626-NS 378627-NS 378628-NS 378629-NS 378630.pdf"
"34","BILLETERA (FAC1061)","2025-02-04","1751039161_BILLETERA (FAC 1061) 1724-1824-2024-2224-2724-2924-3624.pdf"
"35","BISTURI (FACT106) ","2024-03-06","1751039644_BISTURI (FACT-106) 5501-5601.pdf"
"36","BOLSA 1 (FACT45)","2023-10-17","1751040125_BOLSA (FACT-45) DS 230192-DS 230193-DS 230194-DS 230195.pdf"
"37","BOLSA COMPRAS 2(FACT37)","2025-08-31","1751042502_BOLSA COMPRAS (FACT-37) 1111-14A11-14B11-15B11.pdf"
"38","BOLSA COMPRAS 3 (FACT 74)","2024-10-28","1751042765_BOLSA DE COMPRAS ( FACT 74 ) - NS 394726 -NS 394727 -NS 394728 -NS 394729.pdf"
"39","BOLSA DE COMPRAS 4 (FACT80)","2024-11-12","1751043707_BOLSA DE COMPRAS ( FACT 80 ) -NS 394727 - NS 394728 -NS 398980 -NS 398981- NS 398982 -NS 398983 -NS 398984.pdf"
"40","ZAPATOS (FACT-37)","2023-08-29","1751043912_ZAPATO BEBE (FACT-37) 1406-1506-1606-1706-4013-4113-4213-4613-4713-4813-4913-5013-5113-5213.pdf"
"41","BOLSA DE COMPRAS 5 (FACT1061)","2025-02-04","1751044143_BOLSA DE COMPRAS (AC 1061) DS 9180-DS 9181-DS 9182.pdf"
"42","VIDRIO Y CUCHILLO (FACT-32)","2023-08-24","1751045125_VIDRIO Y CUCHILLO (FACT-32) 5401-1234-1334-1434-1534-1634-1734-1834-1934-2034-2134-2234-2334-2434-2534-2634-2834-2934-3134-3234-3334-3434-3534-3634-3734-3834-3934-4034.pdf"
"43","VIDRIO 1 (FACT-32)","2023-08-24","1751047457_VIDRIO 8FACT-32) 2033-2133-2233-2333-2433-2533-2633-2733-2833-2933-3133-3233-3333-3433-3533-3633-3733-3833-3933-0134-0234-0334-0434-0534-0634-0734-0834-0934-1034-1134.pdf"
"44","VASO PITILLO (FACT-1282","2025-05-30","1751048100_VASO PITILLO (FACT-1282) JW-6871-6872-6564-6568-6867-6868-6862-6842-6860-6861-CJ-3116-JH-1689-1682-1688-2555-2553.pdf"
"45","BOLSA VIAJERA 1(FACT 1212)","2025-05-27","1751051242_BOLSA VIAJERA (1212) 1-50X35X20- 1-60X45X20- 70X53X20- 80X56X25- 35X27X12- 2-50X35X20-60X45X20-70X55X23-80X60X25-90X58X25.pdf"
"46","BOLSA 2(FACT45)","2023-10-17","1751052329_BOLSAS (FACT-45) DS230180-DS230182-DS230183-DS230184.pdf"
"47","VARIOS 2 (FACT-40)","2023-09-05","1751052387_VARIOS (FACT-40) 0106-0206-0306-0406-0506-0706-0806-0906-3306-4106-4206-4306-5106-5206-1017-1018-1019-1021-1022-1023-1026-1028-0208-1008-1108-1208-1308-1408-0521-0621-0721-0821-0921-1021-1121-1221.pdf"
"48","UTENSILIOS DE COCINA 1 (FACT-45)","2023-10-12","1751052585_UTENSILIOS DE COCINA (FACT-45) DS 230161.pdf"
"49","LLAVERO 8 FACT-40) ","2023-09-09","1751648494_LLAVERO 8 FACT-40) 4606-4706.pdf"
"50","BOLSO 1(FACT37)","2023-08-31","1751052705_BOLSO (FACT-37) 0132-0232-0332-0432-0532-0632-0732-2232.pdf"
"51","BOLSO 2(FACT37)","2025-08-31","1751052906_BOLSO (FACT-37) 0832-0932-1032-1132-1232-1332-1432-1532-1632-1732-1832-1932-2032-2132.pdf"
"52","BOLSO DEPORTIVO(FACT1061)","2025-02-04","1751053195_BOLSO DEPORTIVO  (FAC 1061)- REF 8132 DS 9195.pdf"
"53","TETEROS 1 (FACT-24)","2024-06-20","1751053790_TETEROS (FACT-24) NS 378635-NS 378636-NS 378637-NS 378638-NS 378639-NS 378640-NS 378641-NS 378642-NS 378643-378644-.pdf"
"54","BOLSO MANOS LIBRE(FACT1061)","2025-02-04","1751053830_BOLSO MANOS LIBRE (FAC  1061) REF 15986 -REF 5973.pdf"
"55","TETEROS 2 (FACT-6434)","2025-04-14","1751054182_TETERO (FACT-6434) CH 20134-CH 20135.pdf"
"56","BOLSO MORRAL(FACT926)","2025-01-30","1751054236_BOLSO MORRAL (FACT 926) MNT-183.pdf"
"57","TETEROS 3 (FACT-18049)","2024-01-18","1751054337_TETERO (FACT-18049) EN 1261.pdf"
"58","TERMO X3 1 (FACT-74)","2024-10-25","1751055798_TERMOS X3 (FACT 74) - NS 378110-NS 378113 -NS 378117 -NS 378761 -NS 378762 -NS 378764 -NS 378765.pdf"
"59","TERMO 2 (FACT-72)","2024-10-25","1751056041_TERMOS (FACT 72) NS 377754-NS 377755-NS 378760-NS 378763-NS 378767-NS 378770-NS 378773.pdf"
"60","TERMOS 3 (FACT-80)","2024-11-08","1751056820_TERMOS ( FACT 80) NS 378744 -NS 378799 -NS 378799 -NS 378800 -NS 378801 -NS 378802 -NS 378803 -NS 378804 -NS 378805 -NS 378806.pdf"
"61","BOLSO NIÑA (FACT80)","2025-01-14","1751057183_BOLSO NIÑA (FACT 80) - 377766 - 377771 - 377787 - 377788 - 377789 -377790 - 377795 - 377976 - 377977 - 377978 -377979 - 377980 - 377981 - 377982 - 377983 -377984 - 377989 - 399735 - 399736.pdf"
"62","BOLSO PELUCHE (FACT74)","2024-10-28","1751057704_BOLSO PELUCHE (FACT 74) - 377762 - 377763 - 377764 -377765 -377767 - 377768 - 377770 -377781 -377782.pdf"
"63","TERMO ALUMINIO (FACT-74)","2024-10-25","1751063851_TERMO DE ALUMINIO ( FACT 74 ) -NS 378046 -NS 378047 -NS 378048 -NS 378049 -NS 378050 -NS 378063.pdf"
"64","BOLSO PELUCHE(FACT74)","2024-01-28","1751058151_BOLSO PELUCHE (FACT 74) - 377762 - 377763 - 377764 -377765 -377767 - 377768 - 377770 -377781 -377782.pdf"
"65","BOLSO NIÑA (FACT74)","2024-10-28","1751058551_BOLSO PELUCHE NIÑA (FACT 74) - 377769 - 377772 - 377773 - 377775 - 377776 - 377779 - 377780.pdf"
"66","BOLSO TERMICO(FACT74)","2024-10-28","1751058734_BOLSO TÉRMICO ( FACT 74) - 394730.pdf"
"67","BOLSO VIAJERO(FACT1061)","2025-02-04","1751059700_BOLSO VIAJERO (FAC 1061) REF 358 DS 9186- REF 276 DS 9189-REF 211 DS 9194- REF 8132 DS 9195- REF 8188 DS 9196.pdf"
"68","BOLSO MANOS LIBRES(1061)","2025-02-04","1751060239_BOLSOS  MANOS LIBRES (FAC 1061) DS 9017-DS 9019.pdf"
"69","BOLSOS (FACT25) ","2024-07-02","1751061786_BOLSOS ( FACT 25) - 377949-377950-377951-377952-377953-377954-377955-377956 -377957 - 377958 - 377960 - 377961 - 377962-377963 - 377964 - 377965 - 377966 -377967 - 377968 - 377969 - 377970 - 377971 - 377972 - 377973 - 377974.pdf"
"70","BOLSO RIÑONERA( FACT 80)","2024-11-12","1751064257_BOLSOS ( RIÑONERA FACT 80) -379319 -379320 - 379321 - 379322 - 379323.pdf"
"72","TERMOS 7 (FACT-1282)","2025-05-30","1751082208_TERMO 7 (FACT1282) RYH- 3405- 3500- 2600- 2632- 2623- YSY- 6206- JMC- 8707-6 JMC- 8706-6.pdf"
"74","TERMOS 8 (FACT-115)","2024-03-09","1751084653_TERMO 8 (FACT-115) DS 1147-DS 1148-DS 1149-DS 1150-DS 1153-DS 1154-DS 1156.pdf"
"75","TERMO 9 (FACT-72)","2024-02-02","1751084860_TERMO 9 (FACT-72) G116-101.pdf"
"76","TERMO 10 (FACT-40)","2023-09-05","1751115635_TERMO 10 (FACT-40) 0107-0207-0307-0407-0507-0607-0707-0807-0907-1007-1008-1014-1013-1015-1016-1027-1029-1030-1031-1032-1033-1034-1035-1038-1039-1040-1041-1042-1043-1044.pdf"
"77","TERMO 11 (FACT-25)","2024-06-28","1751115883_TERMO 11 (FACT-25) NS 378730-NS 378731-NS 378732-NS 378733-NS 378734-NS 378735-NS 378766-NS 378768-NS 378769-NS 378771-NS 378772.pdf"
"78","BALON FUTBOL (FACT-115)","2024-03-11","1751122492_BALON FUTBOL (FACT-115) DS 1509-DS 1510-DS 1511-DS 1512-DS 1514-DS 1519-DS 1520-DS 1521-DS 1522-DS 1525-DS 1526-DS 1527-DS 1529.pdf"
"79","TERMO 12(FACT-25)","2023-08-10","1751116325_TERMO 12 (FACT-25) 4001-4002-4003-4004-4005-4006-4007-4008-4009-4010-4011-4012-4014-4015-4016-4017-4018-4019.pdf"
"80","TERMO 12(FACT-25)","2023-08-10","1751116328_TERMO 12 (FACT-25) 4001-4002-4003-4004-4005-4006-4007-4008-4009-4010-4011-4012-4014-4015-4016-4017-4018-4019.pdf"
"81","TERMO 13 (1290)","2025-06-12","1751116445_TERMO 13 (FACT 1290) REF 1088  REF 1644-2 REF 2644-2.pdf"
"82","TERMO 14 (FACT-80)","2024-11-08","1751116566_TERMO 14 ( FACT 80) - NS 378111-NS 378112-NS 378114-NS 378116.pdf"
"83","BOLSO MORRAL 6 (FACT 891)","2025-01-07","1751116807_BOLSOS (FACT 891)  MNT -126-127-128-129-130-131-132-133-134-135-136-137-138-139.pdf"
"84","TERMO 15 (FACT-74)","2024-10-25","1751116836_TERMO 15 ( FACT 74) NS 378051-NS378052-NS 378053-NS 378054-NS 378055-NS 378056-NS 378057-NS 378058-NS 378059-NS 378060-NS 378061-NS 378062.pdf"
"86","TECNOLOGIA 1 (FACT-25)","2023-10-12","1751117167_TECNOLOGIA 1  (FACT-45) DS 230105-DS 230106-DS 230107-DS 230108.pdf"
"87","BOLSO VARIOS (FACT 7519)","2025-02-05","1751117451_BOLSOS VARIOS (FACT-7519) 250-11-240-3-.pdf"
"88","TECNOLOGIA 2 (FACT-45)","2023-10-12","1751117821_TECNOLOGIA 2 (FACT-45) DS 230101-DS 230103-DS 230104.pdf"
"89","TECNOLOGIA 3 (FACT-45)","2023-09-05","1751118323_TECNOLOGIA 3 (FACT-40) MODUSB-3 8002-MOS USB-4 8102-USB-7 8202.pdf"
"90","VARIOS 3 (FACT-40) ","2023-09-09","1751640119_VARIOS (FACT-40) MOD 035 3506-MOD 10 3606-MOD 4009-6 4806-MOD 3848-254906-MOD 666 5006-MOD 053 5306.pdf"
"91","TAPETE 1 (FACT-32)","2023-08-24","1751118956_TAPETE 1 (FACT-32) MOD 2118 1821.pdf"
"92","TAPETE 2 (FACT-40)","2023-09-05","1751119036_TAPETE 2 (FACT-40) MOD 2102 0221.pdf"
"93","TAPETE 3 (FACT-45)","2023-10-12","1751119151_TAPETE 3 (FACT-45) DS 230162.pdf"
"94","TAPETE 4 (FACT-116)","2024-03-09","1751121332_TAPETE 4 (FACT-116) DS 1027-DS 1028-DS 9130-DS 9135-DS 9136- DS 9137-DS 9138-DS 9139-DS 9140-DS 9141-DS 9149-DS 9150-DS 9151-DS 9152-DS 9153-DS 9154-DS 9155.pdf"
"95","TAPETE 5 (FACT-115)","2024-03-09","1751121492_TAPETE 5 (FSCT-115) DS 1024-DS 1025-DS 1043-DS 1044-DS 1045-DS 1046.pdf"
"96","TABLA DE PICAR 1 (FACT-72)","2024-10-25","1751122317_TABLA PICAR ( FACT 72) NS 378021-NS 378022-NS 378023-NS378024-NS 378025-NS 378026-NS 378027-NS 378028-NS 378029-NS 378030-NS 378032-NS 378033-NS 3780374-NS 378035-NS 378036-NS 378037-NS 378038-NS 378039.pdf"
"97","TABLA DE PICAR 2 (FACT-6434)","2025-01-13","1751122576_TABLA DE PICAR (FACT-6434) CH 20175-CH 20176-CH 20177-CH 20180-CH 20181.pdf"
"98","TABA DE CORTAR (FACT-32)","2023-08-24","1751122723_TABLA DE CORTAR (FACT-32) MOD 0803 REF0308.pdf"
"99","SPRAY COCINA (FACT-45)","2023-12-10","1751122911_SPRAY COCINA (FACT-45) DS 23023-DS 230124-DS 230125-DS 230126-DS 230427-DS 230134-DS 230136-DS 230137.pdf"
"100","SOPORTE DE BAÑERA (FACT-116)","2024-03-09","1751123060_SOPORTE DE BAÑERA (FACT-116) REF 1616 DS-1439.pdf"
"101","SOMBRILLA 1 (FACT-25) ","2024-06-28","1751123830_SOMBRILLA 1 (FACT-25) NS 377618-NS 377619-NS 377620-NS 377621-NS 377622-NS 377623-NS 377624-NS 377625-NS 377626-NS 377627-NS 377628-NS 377629-NS 377630-NS 377631.pdf"
"102","SOMBRILLA 2 (FACT-80)","2024-11-08","1751124402_SOMBRILLA 2 (FACT 80) NS377649-NS 377650-NS 377651-NS 377652-NS 377653-NS 377655-NS 377656-NS 377657-NS 377658-NS 377659-NS 377619-NS 377620-NS 377625-NS 377626-NS 377628-NS 377629-NS 377631-NS 377640.pdf"
"103","SOMBRILLA 3 (FACT-133)","2025-04-28","1751124579_SOMBRILLA 3 (FACT 1133) SOM-7K - SOM-8K.pdf"
"104","SOMBRLLA 4 (FACT-25)","2023-08-10","1751124721_SOMBRILLA 4 (FACT-25) 0116-0216-0316-0416-0516-0616-0716-0816-0916-0916-1016-1216-1316-1416-1516-1616-1716-186-1916-2016.pdf"
"105","SOMBRILLA 5 (FACT-25)","2023-08-10","1751124920_SOMBRILLA 5 (FACT-25) 2116-2316-2416-2516-2616-2716-2816-2916-3016-3116-3216-3316-3416-3516-3616-3716-3816-3916-4016-4116-4216-4316-4416-4516-4616-4716-4816-4916-5016.pdf"
"106","SOMBRILLA 6 (FAT-72)","2024-08-09","1751125019_SOMBRILLA 6 (FACT-72) PRA-51.pdf"
"107","SOMBRILLA 10 (FACT-3857)","2025-01-14","1751126008_SOMBRILLAS 10 (FACT-3857) MX-02-MX-03.pdf"
"108","CABLE CARGA (FACT 74)","2024-10-28","1751126588_CABLE CARGA (FACT 74) -LT-8451 377683 -LT-8453 377684 -LT-8751 377685 -LT-8753 377686 -LT-8061 377687 -LT-8063 377660 -LT-8071 377689 -LT-8073 377691 -LT-868 377692 - 377693 -377694 - 377695 -377698 - 377699 - 377715 - 377716.pdf"
"109","SOMBRILLA, SONAJERO, BOLSA VIAJERA (FACT-3661-3664)","0225-01-21","1751126831_SOMBRILLA, SONAJERO, BOLSA VIAJERA (FACT- 3661-3664)- RE-3- RE-4- 144-54- 144-6- 144-15- 144-1- 144-5-.pdf"
"110","SET TIJERAS (FACT-74)","2024-10-25","1751127028_SET TIJERAS (FACT 74) -NS 377904 -NS 377905 -NS 377906 -NS 377907 -NS 377908 -NS 377909 -NS 377910.pdf"
"111","SET PELUQUERIA (FACT-116)","2024-03-09","1751127197_SET PELUQUERIA (FACT-116) DS 1206-DS 1207.pdf"
"112","CABLES 1 (FACT-40)","2023-09-08","1751127448_CABLES (FACT-40) 3002-3102-3202-4202-4302-4402-4502-4602-4702-4802-4902-117022-11902.pdf"
"113","SET PEINES Y PEINILLAS (FACT-116)","2024-03-09","1751127614_SET PEINES Y PEINILLAS (FACT-116) DS 1205-DS 1208-DS 1209-DS 1210-DS 1212-DS 1213-DS 1214-DS 1215-DS 1216-DS 1217-DS 1218-DS 1219-DS 1220-DS 1221.pdf"
"114","SET PALILLOS (FACT-40)","2024-09-05","1751127913_SET PALILLOS (FACT-40) 1808-2006-2106-2206-2306-2406-2506-2606-0126-0226-0326-0426-1526-1626.pdf"
"115","SET LLAVE EXAGONAL (FACT-106)","2024-02-29","1751128049_SET LLAVE HEXAGONAL (FACT-106) 2601.pdf"
"116","SET LIMPIEZA 1 (FACT-40)","2023-09-05","1751128410_SET LIMPIEZA (FACT-40) MOD 026 2606-MOD 2601 0126-MOD 2602 0226-MOD 2603 0326-MOD 2604 0426-MOD 2615 1526-MOD 2616 1626.pdf"
"118","SET DESTORNILALDOR (FACT-106)","2024-09-26","1751129235_SET DESTORNILLADOR (FACT-106) 4301-4401-4501-6301-6401-6501-6601-6701.pdf"
"119","CABLES 2 (FACT40)","2023-09-08","1751129679_CABLES(FACT40)0102-02020302-0402-0502-0602-0702-0802-0902-1002-1102-1202-1302-1402-1502-01602-01702-01802-1902-2002-2102-2202-2302-2402-2502-2602-2706-0802-2902.pdf"
"120","CAJA DE EMPAQUE (FACT-40)","2022-09-08","1751129862_CAJA DE EMPAQUE (FACT-40) 5002-5102-5202-5302.pdf"
"121","CALCULADORA 1 (FAC-116) ","2024-03-13","1751130330_CALCULADORA (FAC-116) DS 1390 REF CT-9200B-DS 1391 REF KC-8825B-DS 1392 DM1200V-DS 1393C-887-B-2-DS 1394 KC-3866B-DS 1395 CL-126-DS 1396 JS-82MS.pdf"
"122","SET TIJERAS (FACT-40)","2023-09-05","1751130434_SET DE TIJERAS (FACT-40) 0526-0826-0926-1026-1126.pdf"
"123","CALCULADORA 2 (FACT-201)","2025-01-30","1751130578_CALCULADORA (FACT-201) KD-350MSC-KD-3866B-KK82MS-B-KK82MS-B-C-KD-B815.pdf"
"124","CALCULADORA 2 (FACT-6434)","2025-04-21","1751130729_CALCULADORA (FACT-6434) KK-22800-CH 21594.pdf"
"125","SET CUCHARAS X2 BEBE (FACT-24)","2024-06-20","1751130754_SET DE CUCHARAS X2 DE BEBE (FACT-24) NS 378716-NS 378717.pdf"
"126","SET CUCHILLO (FACT-40)","2023-09-05","1751131044_SET CUCHILLO (FACT-40) 0508-0608-0708-0808-0908.pdf"
"127","CALCULADORA 3 (FACT-30462)","2024-11-22","1751131066_CALCULADORA (FACT-30462)  100BKD F2450-KD-3866B F2448-KD-3866B-C EF F2452.pdf"
"128","SET CLICK GANCHO","2024-02-29","1751131265_SET CLICK GANCHOS (FACT-106) 3705-5505-5605-5705-5805.pdf"
"129","CANDADO ( FACT 40)","2023-09-08","1751131323_CANDADO ( FACT 40) MOD 1202 0212-MOD 1203 0312-MOD 1204 REF 0412-MOD 1205 0512.pdf"
"130","CANDADO 2 (FACT-37) ","2023-08-31","1751131585_CANDADO (FACT-37) 1412-1512-0115-0215-0315-0415-0515-0615-0715.pdf"
"131","SET BOTELLA PARA BEBE (FACT-40)","2023-09-05","1751132571_SET BOTELLA PARA BEBE (FACT-40) MOD 037 3706-MOD 038 3806-MOD 039 3906-MOD 95 4006.pdf"
"132","SET ARTE (FACT-6434)","2025-04-14","1751132640_SET ARTE (FACT-6434) CH 20489.pdf"
"133","RIÑONERA 1 (FACT-7519)","2025-02-21","1751135078_RIÑONERA (FACT-7519) 271-3-271-2.pdf"
"134","CANDADO  3 (FACT-45) ","2023-10-17","1751132948_CANCADO BICICLETA (FACT 45) DS 230156 DS 230157 DS 230158.pdf"
"135","CANDADO 4 (FACT-30462) ","2021-01-14","1751133613_CANDADO (FACT-30462) EF-YHS-40-YHS-30.pdf"
"136","CANDADO 5 (FACT-30462)","2023-10-07","1751133775_CANDADO (FACT-30462) PA-50.pdf"
"137","CANGURO BEBE (FAC 1061)","2025-02-04","1751134079_CANGURO BEBE (FAC 1061) DS 9154.pdf"
"138","CANGURO BEBE (FAC 1061)","2025-02-04","1751134080_CANGURO BEBE (FAC 1061) DS 9154.pdf"
"139","CARGADOR (FACT-40)","2023-09-08","1751134632_CARGADOR (FACT-40) 9102-91202-9302-9402-9702-9802-9902-10002-10102-10302--10402-10502-10602-10702-10802-11102-11202-11302-11402-11502-11602-11802.pdf"
"140","CARPA  (FACT 45)","2023-10-17","1751134782_CARPA  (FACT 45) REF DS 230163- 230164- 230165.pdf"
"141","CARPA  2(FACT-25)","2023-08-11","1751134997_CARPA (FACT-25) 0118-0218-0318-0418-0518-0618-1718-0818-1918-1018-1118.pdf"
"142","CARTERA  1 (FACT-106)","2024-03-06","1751135528_CARTERA (FACT-106) 0124-0224-0324-0424-0524-0624-0724-0824-0924-1024-1124-1224-1324-1424-1524-1624-1724-1824-1924-2024-2124-2224-2324-2424-2524-2624-2724-2824-2924-3024-3124-3224-3524-3624.pdf"
"143","CELULARES VIDRIO (FACT-106)","2024-03-06","1751135852_CELULARES VIDRIO (FACT-106) 0233-0433-0633-1533-2633.pdf"
"144","CEPILLO DE DIENTES BEBE (FACT-24)","2024-06-25","1751136073_CEPILLO  DE DIENTES BEBE (FACT-24) 378598-378599-378600-378601-378681-378682-378683-378684-378707-378708-378709-378710.pdf"
"145","CEPILLO 1 (FACT-72)","2025-03-13","1751136238_CEPILLO (FACT-72) PRA-002-003-016.pdf"
"146","CEPILLO 2 (FACT-116)","2024-03-13","1751136581_CEPILLO (FACT-116) DS 1184-DS 1185-DS 1186-DS 1187-DS 1188-DS 1189-DS 1190-DS 1191-DS 1193-DS 1194-DS1195-DS 1196-DS 1197-DS 1198-DS 1199-DS 1200-DS 1201-DS 1202.pdf"
"147","CEPILLO  4 (FACT-1159)","2024-03-11","1751137163_CEPILLO (FACT-1159) DS 1062-DS 1063-DS 1064-DS 1065-DS 1066-DS 1067.pdf"
"148","CEPILLO  (FACT1282) M-4","2025-06-06","1751312059_CEPILLO (FACT1282) M-4.pdf"
"149","CEPILLO DE PEINAR (FACT-18049)","2025-06-14","1751312194_CEPILLO DE PEINAR (FACT-18049) EN1453.pdf"
"150","CEPILLO Y LIMPIADOR (FACT-40) ","2023-09-08","1751312288_CEPILLO Y LIMPIADOR (FACT-40) MOD 055 REF 5506.pdf"
"151","CEPILLO Y PEINILLA (FACT-40) ","2023-09-08","1751312439_CEPILLO Y PEINILLA (FACT-40) MOD 316 2706-MOD 244 2806-MOD 149 2906-MOD 153 3406.pdf"
"152","CHUPA DE BEBE   (FACT-24) ","2024-06-26","1751312711_CHUPA DE BEBE   (FACT-24) NS 378594-NS 378595-NS 378596-NS 378597.pdf"
"153","CINTA (FACT-24)","2024-06-25","1751312811_CINTA (FACT-24) 378001.pdf"
"154","CINTA ADHESIVA (FACT 1133)","2025-05-02","1751312903_CINTA ADHESIVA (FACT 1133) 300M.pdf"
"155","COCHE DE BEBE (FACT-116)","2024-03-13","1751313506_COCHE DE BEBE (FACT-116) DS 1408-DS 1409-DS 1410-DS 1411-DS 1413-DS 1414-DS 1415-DS 1416-DS 1417-DS 1418-DS1 419-DS 1420-DS 1421-DS 1422-DS 1423-DS 1424-DS 1425-DS 1426-DS 1427-DS1428-DS1429-DS1430-DS1431-DS1432-DS1433-DS1435.pdf"
"156","COCINA (FACT-106)","2024-03-06","1751313675_COCINA (FACT-106) 3205-3305-3405-3505-3605-3805-3905-4005-4105-4505-5105.pdf"
"157","COCINA 2 (FACT-115) ","2024-03-11","1751313782_COCINA (FACT-115) DS 1082-DS 1083-DS 1084.pdf"
"158","COJIN (ALMOHADA BEBE) (FACT-24)","2024-06-25","1751313958_COJIN (ALMOHADA BEBE) (FACT-24) REF NS 378659-NS 378662-NS 378663-NS 378664-NS 378665-NS 378666-NS 378667-NS 378668-NS 378669-NS 378670 TY0012-23.pdf"
"159","COJIN (ALMOHADA) 2  (FACT-40) ","2023-09-08","1751314105_COJIN (ALMOHADA) (FACT-40) REF 1006 MOD 010-1106 MOD 011-1206  MOD 012-1306 MOD 013.pdf"
"160","CORTA FRIO (FACT-30462)","2023-07-14","1751314235_CORTA FRIO (FACT-30462) TJ-G0199.pdf"
"161","CORTADOR CABELLO (FACT-37)","2023-08-31","1751314637_CORTADOR CABELLO (FACT-37) 0110-0210-0310-0410-0510-0710-0810-0910.pdf"
"162","COSMETIQUERA ( FACT 1061) ","2025-02-04","1751315489_COSMETIQUERA ( FACT 1061) CL 1 DS 9027 CL 12 DS 9038.pdf"
"163","COSMETIQUERA 2 (FACT-72)","2024-02-07","1751315679_COSMETIQUERA (FACT-72) 12058-8-12058-9.pdf"
"164","CUBO MAGICO ( FACT 72)","2024-10-28","1751316017_CUBO MAGICO ( FACT 72) - BL-1258 -NS 3773601 -NS 377602 -NS 377603 -NS 377604 -NS 377605 -NS 377606 -NS 377607 -NS 377608 -NS 377609 -NS 377610 -NS 377611 -NS 377612 -NS 377614 -NS 377615 -NS 377616 -NS 377617.pdf"
"165","CUCHARA (FACT-30462)","2024-10-02","1751316123_CUCHARA (FACT-30462) L1384-1.pdf"
"166","CUCHARA CUCHILLO (FACT-72)","2024-02-07","1751316277_CUCHARA CUCHILLO (FACT-72) 6469-1-6469-4-6469-7.pdf"
"167","CUCHARA Y TENEDOR (FACT-18049)","2025-02-11","1751316415_CUCHARA Y TENEDOR (FACT-18049) EN 1343-EN 1344.pdf"
"168","CUCHARA Y TENEDOR 2 (FACT-18049)","2024-07-30","1751316698_CUCHARA Y TENEDOR (FACT-18049) EN 2390 EN 0923.pdf"
"169","CUCHILLO  2(FACT-45)","2023-10-17","1751316824_CUCHILLO (FACT-45) DS 230140.pdf"
"170","CUCHARAS  3( FACT 74 )","2024-10-28","1751317237_CUCHARAS  ( FACT 74 ) - NS 378064-NS 378065-NS 378066-NS 378067-NS 378068-NS 378069-NS 378070-NS 378071-NS 378072-NS 378073-NS 378074-NS 378075-NS 378076-NS 378077-NS 378078-NS 378079-NS 378080-NS 378081-NS 378082-NS 378083.pdf"
"171","CUCHARAS 3 ( FACT 80)","2024-11-12","1751317383_CUCHARAS ( FACT 80) - NS 378103 - NS 378104 -NS  378105 -NS  378106 -NS 378107 -NS 378108 -NS 378109.pdf"
"172","CUCHILLO (FACT-30462)","2025-02-20","1751317682_CUCHILLO (FACT-30462) JP749-1-JP749-2-JP749-3.pdf"
"173","CUCHILLO 5 (FACT-30462) ","2023-07-13","1751317810_CUCHILLO (FACT-30462) TJ-G0928-TJ-G0929.pdf"
"174","CUERDA (FACT-116)","2024-03-13","1751317921_CUERDA (FACT-116) DS 1005-DS 1007-DS 1008-DS 1009.pdf"
"175","CUNA BEBE (FACT-116)","2024-03-13","1751318091_CUNA BEBE (FACT-116) DS 1434.pdf"
"176","DECORACION (FAC-201)","2025-02-07","1751323415_DECORACION HOGAR (FACT-32) MOD 5246 4632- MOD 5247 4732-MOD 5248 4832.pdf"
"177","DECORACION (FAC-201)","2025-02-07","1751323422_DECORACION HOGAR (FACT-32) MOD 5246 4632- MOD 5247 4732-MOD 5248 4832.pdf"
"178","DECORACION HOGAR 2(FACT-32)","2023-08-28","1751323563_DECORACION HOGAR (FACT-32) MOD 5246 4632- MOD 5247 4732-MOD 5248 4832.pdf"
"179","DELANTAL (FACT-32) ","2023-08-28","1751323725_DELANTAL (FACT-32) MOD 2122 2221.pdf"
"180","DEPILADOR (FACT-37)","2023-08-31","1751323955_DEPILADOR (FACT-37) 1010-1110-1210.pdf"
"181","DESTORNILLADOR (FACT-18049)","2024-07-11","1751324114_DESTORNILLADOR (FACT-18049) EN1642.pdf"
"182","DOMINO (FACT-116) ","2024-03-13","1751324282_DOMINO (FACT-116) DS 8306-DS 8307-DS 8308.pdf"
"183","ELEMENTOS DE CASA 1(FACT-115)","2024-03-11","1751324930_ELEMENTOS DE CASA(FACT-115) DS 1136-DS 1137-DS 1138-DS 1139-DS 1140-DS 1141-DS 1142-DS 1144-DS 1166.pdf"
"184","ELEMENTOS DE COCINA 2 (FACT-115)","2024-03-11","1751325415_ELEMENTOS DE COCINA (FACT-115) DS 1068-DS1068-DS 1070-DS 1071-DS 1072-DS 1073-DS 1074-DS 1080-DS 1081-DS 1085-DS 1086.pdf"
"185","ESPEJO 1 (FACT-113) ","2025-04-25","1751325653_ESPEJO (FACT-113) IMH24-210.pdf"
"186","ESPEJO 2 (FACT-116) ","2024-03-13","1751326080_ESPEJO (FACT-116) DS 1168-DS 1169-DS 1170-DS 1171-DS 1172-DS 1173-DS 1174-DS 1175-DS 1176-DS 1177-DS 1178-DS 1179-DS 1180-DS 1181.pdf"
"187","ESPEJO  3 (FACT-18049) ","2024-07-11","1751326253_ESPEJO (FACT-18049) EN 1655-EN 1656.pdf"
"188","EXTECION ELECTRICA (FACT-18068)","2025-04-01","1751326586_EXTECION ELECTRICA (FACT-18068) ZJ-2ZB 12FT-15FT-8M.pdf"
"189","EXTENCION ELECTRICA (FACT-18049)","2025-04-01","1751326873_EXTENCION ELECTRICA (FACT-18049) ZJ-2ZB 12FT-15FT-20FT-6FT-9FT-3M-6M-10M-8M-15M-20M.pdf"
"190","FLOTADOR ANIMALES (ZZZ)","2020-07-13","1751327011_FLOTADOR ANIMALES (ZZZ) 58221.pdf"
"191","GAFAS NATACION (FACT-116) ","2024-03-13","1751327455_GAFAS NATACION (FACT-116) DS 1458-DS 1459-DS 1460-DS 1461-DS 1462-DS 1463-DS1464-DS 1465-DS 1466-DS 1467-DS 1468-DS 1469-DS 1470-DS 1471-DS 1472-DS 1473-DS 1474-DS 1475-DS 1476-DS 1477.pdf"
"192","FUNDA IMPERMEABLE (FACT-3846)","2024-12-15","1751327611_FUNDA IMPERMEABLE (FACT-3846) R-10.pdf"
"193","GANCHO 3 (FACT1282)","2026-06-06","1751327949_GANCHO (FACT1282) WAB-701-24.pdf"
"194","GANCHOS 3 (FACT-32)","2023-08-28","1751328836_GANCHOS (FACT-32) MOD 1609-MOD 3012 1709-MOD 8913 1809-MOD 0330-16 1909-0330-10Y 2009-6002-16 2109-MOD 2101 0121-MOD 2103 0321-MOD 2104 0421-2119-MD 2120 2021-MOD 2121 2121.pdf"
"195","HERRAMIENTA (FACT-106) ","2024-03-06","1751328996_HERRAMIENTA (FACT-106) 5701.pdf"
"196","HERRAMIENTA (FACT-106)","2024-03-06","1751329250_HERRAMIENTA (FACT-106)MOD 0107 0701-MOD 0108 0801-3101-MOD 0132 3201-MOD 0133 3301-MOD 0134 3401-MOD 0135 3501-MOD 0136 3601-MOD 0137 3701.pdf"
"197","HERRAMIENTA (FACT-30642) ","2025-02-18","1751329382_HERRAMIENTA (FACT-30642) TJ-G3771.pdf"
"198","HIELERA Y RECIPIENTE 2 (FACT1282)","2025-06-06","1751329491_HIELERA Y RECIPIENTE (FACT1282) JLY- 5532- JLY- 5531- M-5.pdf"
"199","HOGAR (FACT-32) ","2023-06-28","1751329977_HOGAR (FACT-32) MD 3216 1632-MOD 3217 1732-MOD 3218 1832-MOD 3219 1932-MOD 5220 2032-MOD 5221 2132-MOD 5222 2232-MOD 5223 2332-MOD 5224 2432-MOD 5225 2532-3226 2632-2737 2732-3632-3732 3732-3238 3832- 3939-4032-4132-4332-4432.pdf"
"200","HOMBRESOLO (FACT-45) ","2023-10-17","1751330073_HOMBRESOLO (FACT-45) DS 230117.pdf"
"201","IMPERMEABLES (FACT-45)","2023-10-17","1751330232_IMPERMEABLES (FACT-45) DS 230163-DS 230164-DS 230165-DS 230166.pdf"
"202","IMPLEMENTO DE COCINA (FACT-45)","2023-10-17","1751330426_IMPLEMENTO DE COCINA (FACT-45) DS 230148-DS 230149-DS 230150-DS 230151-DS 230153-DS 230154.pdf"
"203","JUEGO DE GUANTES 1 (FACT-32)","2023-08-28","1751330556_JUEGO DE GUANTES (FACT-32) MOD 2114 1421-MOD 2115 1521-MOD 2116 1621.pdf"
"204","JUEGO DE LLAVES (FAC 1061) ","2023-08-28","1751330689_JUEGO DE LLAVES (FAC 1061) DS 25014.pdf"
"205","JUEGO DE LLAVES 2 (FACT-45)","2023-10-17","1751330838_JUEGO DE LLAVES (FACT-45) DS 230112-DS 230114-DS 230118-DS 230119-DS 230120-DS 230121-DS 230122.pdf"
"206","JUGUETE ARMA TODO (FAC 126)","2024-11-22","1751331125_JUGUETE ARMA TODO (FAC 126) BL1258 886 23A-886 23B-88623C-886 23D.pdf"
"207","JUGUETE ARMABLE (FACT-32) ","2023-08-28","1751331291_JUGUETE ARMABLE (FACT-32) BL1258 0335-0435-0535-0635-0735-0835-0935-1035-1135-1335-1535-1635.pdf"
"208","JUGUETE ARMABLE Y SONAJERO (FACT-116)","2024-03-13","1751331432_JUGUETE ARMABLE Y SONAJERO (FACT-116) DS 1436-DS 1437-DS 1438-DS 1002-DS 1003-DS 1004.pdf"
"209","JUGUETE ARMABLE Y SONAJERO (FACT-116)","2024-03-13","1751331433_JUGUETE ARMABLE Y SONAJERO (FACT-116) DS 1436-DS 1437-DS 1438-DS 1002-DS 1003-DS 1004.pdf"
"210","JUGUETE ARMATODO DINOSAURIO (FAC126) ","2024-11-22","1751331764_JUGUETE ARMATODO DINOSAURIO (FAC126) REF AB-02 MOD CXL500-24A -CXL500-24-.pdf"
"211","JUGUETE CARRO  1 (FAC 1061)","2025-02-04","1751334608_JUGUETE BLOQUE (FACT-40) bl-1258 0135-0235-1235-1435.pdf"
"212","JUGUETE CARRO (FAC 1061)","2025-02-04","1751382224_JUGUETE CARRO (FAC 1061) REF A16900 MOD 1303A-31, 776-434A-A17852.pdf"
"213","JUGUETE FRUTAS Y VERDURAS (FAC-126)","2024-11-22","1751382395_JUGUETE FRUTAS Y VERDURAS (FAC-126)AB-36 185-59-032-2.pdf"
"214","JUGUETE JUEGO DE TÉ (FAC 126)","2024-11-22","1751382481_JUGUETE JUEGO DE TÉ (FAC 126) AB-36 2904-2902.pdf"
"215","JUGUETE LANZA AGUA ( SONAKY )","2023-10-06","1751382571_JUGUETE LANZA AGUA ( SONAKY ) REF 385-9.pdf"
"216","JUGUETE MUÑECA  (FACT 126)","2024-11-22","1751382652_JUGUETE MUÑECA  (FACT 126) MOD 326-N22- REF A16890.pdf"
"217","JUGUETE PARQUE DIVERSIONES (FAC 126)","2024-11-22","1751382926_JUGUETE PARQUE DIVERSIONES (FAC 126) A17078 699 A12-699 A13-699 A11-.pdf"
"218","JUGUETE PESCA (FAC 126)","2024-11-22","1751383035_JUGUETE PESCA (FAC 126) AB-34 529- 525-524.pdf"
"219","JUGUETE PISTOLA AGUA Y BURBUJAS (FAC 126)","2024-11-22","1751383592_JUGUETE PISTOLA (FAC 126) A16892 3599-14-3599-12-.pdf"
"220","JUGUETE PLASTILINA (FAC 126)","2024-11-22","1751383899_JUGUETE PLASTILINA (FAC 126) A193576 MOD5838-195- A193579 MOD5838-199-A193580 MOD5838-202.pdf"
"221","JUGUETE SET COCINA 2 (FAC 126)","2024-11-22","1751384002_JUGUETE SET COCINA (FAC 126) A172584.pdf"
"222","JUGUETE SET COCINA 3 (FAC 126) ","2024-11-22","1751384139_JUGUETE SET COCINA (FAC 126) AB-36 8865-4 8865-1-8865-9.pdf"
"223","JUGUETE SET SONAJERO (FACT-3782) ","2024-12-10","1751384426_JUGUETE SET SONAJERO (FACT-3782) 144-54-144-11-144-15-144-64-144-5.pdf"
"224","JUGUETE VARIOS (FACT 126)","2024-11-22","1751386170_JUGUETES  VARIOS (FAC 126) A380.pdf"
"225","KIT ASEO BEBE 1 (FACT-24 )","2024-06-25","1751386435_KIT ASEO BEBE (FACT-24 NS 378677-NS 378678.pdf"
"226","KIT BEBE  2 (FACT 116)","2024-03-13","1751386591_KIT BEBE (FACT 116) REF LH 1502Y DS 1444.pdf"
"227","KIT DE BEBE 3 (FACT-24) ","2024-06-25","1751386849_KIT DE BEBE(FACT-24) NS 378602-NS 378603-NS 378604-NS 378605-NS NS378606-378607-37NS8608.pdf"
"228","KIT DE UÑAS 3 ( FACT 72)","2024-10-30","1751387061_KIT DE UÑAS ( FACT 72) - NS 377895 - NS 377896 - NS 377897 - NS 377898-NS 377899 -NS  377900 - NS 377901 -NS  377902 -NS  377903.pdf"
"229","KIT DE UÑAS PÁRA BEBE  4 (FACT-24)","2024-06-25","1751387300_KIT DE UÑAS PÁRA BEBE (FACT-24) 378700-378701-378702-378701-378703-378704-378705-378706-378711-378713-378714-378715.pdf"
"230","KIT LLANTAS (FACT-18049)","2024-06-14","1751387451_KIT LLANTAS (FACT-18049) EN 1398.pdf"
"231","KIT PLATO PARA BEBE X3  1 (FACT-24)","2024-06-25","1751387654_KIT PLATO PARA BEBE X3 (FACT-24) NS 378632-NS 378633-NS 378634.pdf"
"232","KIT TETEROS  2 (FACT-24)","2024-06-25","1751387793_KIT TETEROS (FACT-24) NS 378644-NS 378645-NS 378646-NS 378647-NS 378648-NS 378649-NS 378651-NS 378652-NS 378653-NS 378654-NS 378656-NS 378657-NS 378658.pdf"
"233","KIT VIAJERO 2 (FACT-18049)","2024-07-30","1751387954_KIT VIAJERO (FACT-18049) EN1631.pdf"
"234","LAMPARA 2 (FACT-25) ","2023-08-11","1751388228_LAMPARA (FACT-25) 0119-0219-0319-0419-0519-0619-0719-0819-0919-1019-1119-1219-1319-1419-1519-1719-3020-3120-3220.pdf"
"235","LAMPARA LED (FACT-6434)","2025-04-21","1751388480_LAMPARA LED (FACT-6434) CH 21161.pdf"
"236","LAMPARAS 4 (FACT-201","2024-08-21","1751388600_LAMPARAS (FACT-201) T512-C-YW2197C-FY8803X-FY8802YZ.pdf"
"237","LINTERNA  3 (FACT 1290) ","2025-06-13","1751389246_LINTERNA (FACT 1290) REF TJ-1688.pdf"
"238","LINTERNA 5 (FACT-18049)","2025-03-26","1751389424_LINTERNA (FACT-18049) ref XF 5800T COD EN 0732.pdf"
"239","LINTERNA 6 (FACT-30462)","2025-02-11","1751389801_LINTERNA (FACT-30462) REF 920-TJ-G3760.pdf"
"240","MANTEL (FACT-32) ","2023-08-28","1751393241_MANTEL (FACT-32) REF 2113- MPD 1321.pdf"
"241","BOLSOS 8  ( FACT 72)","2024-10-28","1751411952_BOLSOS ( FACT 72) - 379311 - 379312 - 379313 - 379314 -379315 - 379316 - 379317 - 379318 - 379324 - 379325 - 379326 - 379327 - 379328 - 379329 - 379330 - 379331-379332.pdf"
"242","BOLSOS  9 ( FACT 80 ) ","2024-11-12","1751412172_BOLSOS ( FACT 80 ) - 377791 - 377792 - 377793 - 377796 - 377797 - 377798 -377801 - 377802 - 377803 - 377804 - 377805 - 377806 - 377807 - 377808 -377985 -377986 - 377987.pdf"
"243","BOLSOS 10 FACT 72) ","2023-10-29","1751412482_BOLSOS FACT 72)  -NS 377882 -NS 377883-NS 377884-NS 377885-NS 379295-NS 379296-NS 379297-NS 37928-NS 379299-NS 379300-NS 379304-NS 379305-NS 379306-NS 379307-NS 379308 -NS 379309 - NS 379310.pdf"
"244","BOLSOS  12 FACT 72)","2025-10-30","1751412689_BOLSOS FACT 72) NS 377784-NS 379298.pdf"
"245","BOLSOS 13 FACT 72) ","2023-10-31","1751412842_BOLSOSFACT 72) NS 377785 -NS 377786 - NS 377811- NS 380584-NS 377865 -NS 377866 -NS 377867 -NS 377868 -NS 377869.pdf"
"246","BOMBA AIRE 1  (FACT-40) ","2023-09-09","1751413018_BOMBA AIRE (FACT-40) REF 0912 MOD 1209-1012 MOD 1210-1112 MOD 1211-1212 MOD 1212-1312 MOD 1213.pdf"
"247","BOTELLA  2 (FACT-32)","2023-08-29","1751413225_BOTELLA (FACT-32) 1107 MOD 0711-1207 MOD 0712-1307 MOD 0713-1407 MOD 0714-1507 MOD 0715-2307 MOD 0723.pdf"
"248","BOTELLA PLASTICA 3 (FACT-37) ","2023-09-01","1751413361_BOTELLA PLASTICA (FACT-37) 0113-0213-0313-0413-0513-0613-2113-2213-2313-2413-2513-2613-2713-2813.pdf"
"249","BOTELLA PLASTICA 3 (FACT-113)","2025-04-29","1751414839_BOTELLA PLASTICA (FACT-113) J-144-306-770-A32-1106-A32-7705-A32-7010-A32-7706-3.pdf"
"250","BRASERA  1 (FAC 1061)","2025-02-04","1751415003_BRASERA (FAC 1061) DS 9025-DS 9026.pdf"
"251","LAMPARA 9 (FACT-106) ","2024-03-07","1751415193_LAMPARA (FACT-106) MOD 3101 0131-MOD 3102 0231-MOD 3105 0531-MOD 3106 0631-MOD 3107 0731-0820-0920-1020-1320-1520-2320-2420-3320.pdf"
"252","LAMPARA 10 (FACT-106) ","2024-03-07","1751415733_LAMPARA (FACT-106) MOD 8822 0820-MOD 7322 0920-MOD 2010 1020-MOD 2013 1320-MOD 7703 1520-MOD 5201 2320-MOD 5100 2420-MOD 2100 3320.pdf"
"253","LONCHERA  11 (FAC 1061) ","2025-02-05","1751416424_LONCHERA (FAC 1061) REF 247 DS 9126-REF 102 DS 9127- REF 106B DS 9129-REF 1209 DS 9135- REF 69991 DS 9136-REF 69992 DS 9137.pdf"
"254","LONCHERA 12 (FACT-72) ","2025-04-16","1751416571_LONCHERA (FACT-72) HXD6601-HXD6602-HXD604A-HXD8822-HXD8824-HXD8825.pdf"
"255","LONCHERA 14 (FACT-86)","0023-02-12","1751416724_LONCHERA (FACT-86) REF 247 DS 9126.pdf"
"256","MACHACADOR DE AJO 2 (FACT 45)","2023-10-18","1751417042_MACHACADOR DE AJO (FACT-45) DS 230141-DS 230142-DS 230143-DS 230144.pdf"
"257","MANTEL 3 (FACT-32)","2023-10-17","1751417157_MANTEL (FACT-32) REF 2113- MPD 1321.pdf"
"258","MARTILLO 3 (FACT-40) ","2023-09-09","1751417290_MARTILLO (FACT-40) REF 1708-MOD 1804.pdf"
"259","RIÑONERA 2 (FACT- 72)","2024-10-25","1751423165_RIÑONERA (FACT 72) NS 377858 -NS 377859 -NS 377860-NS 377861-NS 377862-NS 377864 -NS 377870-NS 377871-NS 377872-NS 377873-NS 377874-NS 377875-NS 377876-NS 377877-NS 377878-NS 377879-NS 377880-NS 377881.pdf"
"262","MARTILLO 1 (FACT-45) ","2023-10-18","1751463951_MARTILLO (FACT-45) DS 230109.pdf"
"263","MARTILLO 2 (FACT-106) ","2024-03-07","1751464056_MARTILLO (FACT-106) 1301-1401.pdf"
"264","MEDIAS 1 (FACT-1163","2025-05-13","1751464312_MEDIAS (FACT-1163) MN-010- MN-011.pdf"
"265","MINI BATIDOR 1 (FACT-106)","2024-03-07","1751464616_MINI BATIDOR (FACT-106) 2705-2805.pdf"
"266","MONEDEROS 1 (FACT-45) ","2023-10-18","1751465087_MONEDEROS (FACT-45) DS 230196-DS 230197-DS 230198-DS 230199-DS 230209-DS 230210-DS 230211-DS 230212-DS 230213-DS 230214-DS 230215.pdf"
"267","MONEDEROS 2 (FACT-45 )","2023-10-18","1751465625_MONEDEROS(FACT-45 )DS 230196-DS 230197-DS 230198-DS 230199-DS 230209-DS 230210-DS2 30211-DS-230212-DS 230213-DS 230214-DS 230215-DS 230216-DS 230217-DS 230227.pdf"
"268","MORRAL 1 (FAC 926) ","2025-01-31","1751465855_MORRAL (FAC 926) MNT 174- MNT 175- MNT 176- MNT 177-MNT 178- MNT 179- MTN 180- MNT 181- MNT-182.pdf"
"269","MORRAL 2 (FACT 1061)","2025-02-05","1751466241_MORRAL (FACT 1061) REF 890B DS 9116-REF 890G DS 9117- REF 2206B DS 9118- REF 2312 DS 9123.pdf"
"270","MORRAL 3 (FACT-25) ","2024-07-03","1751466742_MORRAL (FACT-25) NS 377949-NS 377950-NS 377951-NS 377952-NS 377953-NS 377954-NS 377955-NS 377956-NS 377957-NS 377958-NS 377959-NS 377960.pdf"
"271","MORRAL 4 (FACT-86) ","2023-12-28","1751468277_MORRAL (FACT-86) DS 9116-DS 9117-DS 9118-DS 9119-DS 9120-DS 9121-DS 9122-DS 9123-DS 9124-DS 9125-DS 9126-DS 9127-DS 9128-DS 9129-DS 9130-DS 9131-DS 9132-DS 9133-DS 9134-DS 9135-DS 9136-DS 9137.pdf"
"272","MORRAL 5 (FACT-116) ","2024-03-14","1751468723_MORRAL (FACT-116) REF 2206B DS 9118-REF 2206G DS 9119-REF 2312 DS 9123-1066 DS 9130-1220 DS 9134.pdf"
"273","MORRAL 6 (FACT-1579) ","2025-03-11","1751469290_MORRAL (FACT-1579) 275-12-275-13-275-14-275-15-275-16-275-16-275-17-275-18.pdf"
"274","MORRAL 7 (FACT-7529) ","2025-03-11","1751469492_MORRAL (FACT-7529) 275-1-275-2-275-3-275-4-275-5-275-6-275-7-275-8-275-8-275-9-275-10-275-17-275-18.pdf"
"275","BOLSO MORRAL 11 ( FACT 1065) ","2025-01-15","1751469952_BOLSO MORRAL ( FACT 1065) MNT-169-170-171-172-173-146-147-148-149-150-151-152-153.pdf"
"276","BOLSO MORRAL 12 ( FACT 1065)","2025-01-15","1751470322_BOLSO MORRAL( FACT 1065) MNT-156-157-159-160-161-162-163-164-165-166-167-168-.pdf"
"277","ORGANIZADORES 1 (FACT-113)","2025-04-26","1751470863_ORGANIZADORES (FACT-113) 356-AY-83-AY-63-AY-73.pdf"
"278","OTROS HOGAR 1 (FACT-106)","2024-03-07","1751471098_OTROS (FACT-106) 2605-6105-6205-6305-6405-6505-6605.pdf"
"279","OTROS HOGAR 2 (FACT-106) ","2024-03-07","1751471235_OTROS HOGAR (FACT-106) 3801-3901.pdf"
"280","PALO PARA SELFIES 1 (FACT 74) ","2024-10-29","1751472035_PALO PARA SELFIES (FACT 74) - NS 377728.pdf"
"281","PAÑALERA 1 (FAC 1061)","2025-02-05","1751472254_PAÑALERA (FAC 1061) DS 9142-DS 9143-DS 9151-DS 9152- DS 9155.pdf"
"282","PAÑALERA 2 (FAC 1061) ","2025-02-05","1751472462_PAÑALERA (FAC 1061) REF DS 9138-DS 9139-DS 9140-DS 9141-DS 9144-DS 9145-DS 9146-DS 9147-DS 9148-DS 9149-DS 9150.pdf"
"283","PARLANTE 1 (FACT-106) ","2024-03-07","1751472619_PARLANTE (FACT-106) 0128-0228-0328-0428-0528-0728-1128-1228-1328-1428-1528-1928-2028-2228-2328.pdf"
"284","PELOTA INFLABLE 1 (FACT-ZZZZ)","2024-01-11","1751475541_PELOTA INFLABLE (FACT-ZZZZ) 59020.pdf"
"285","PELOTAS 1 ( FACT 80)","2024-11-13","1751475718_PELOTAS ( FACT 80)  -NS 378006 - NS 378007 - NS 378008 - NS 378009 -NS 378011 - NS 378012 -NS 378013 - NS 378014 - NS 378015.pdf"
"286","PERCHERO 1 (FACT-72)","2024-02-08","1751477717_PERCHERO (FACT-72) GG-7.pdf"
"287","PISCINA INFLABLE 1 (FACTZZZZ)","2020-11-11","1751477930_PISCINA INFLABLE (FACTZZZZ) 59409.pdf"
"288","PISTOLA SILICONA 1 (FACT-30462) ","2024-06-14","1751478159_PISTOLA SILICONA (FACT-30462) JP216.pdf"
"289","POLLO CHILLON 1 (FACT-25) ","2023-08-12","1751478587_POLLO CHILLON (FACT-25) 0317-0417.pdf"
"290","PRENSA AJO 1 (FAC 1061)","2025-02-05","1751478723_PRENSA AJO (FAC 1061) REF DS 25011-DS 25012-DS 25013.pdf"
"291","PRENSA PARA CAFE 1 (FACT-113)","2025-04-26","1751478868_PRENSA PARA CAFE (FACT-113) IMH24-81.pdf"
"292","PROTECTOR CELULAR 1 (FACT-6434)","2025-04-22","1751478960_PROTECTOR CELULAR (FACT-6434) CH 20250.pdf"
"293","PULPO 1 (FACT-201) ","2025-02-08","1751479103_PULPO (FACT-201) CP24-457-458-461-462.pdf"
"294","RALLADOR 1 (FACT-18049)","2025-02-12","1751479196_RALLADOR (FACT-18049) EN 0597.pdf"
"295","RAQUETA 1 (FACT-37) ","2023-06-30","1751479323_RAQUETA(FACT-37) 0129-0229-0329.pdf"
"296","RASCA ENCIAS 1 (FACT-24) ","2024-06-26","1751479499_RASCA ENCIAS (FACT-24) NS 378690-NS 378691-NS 378692-NS 378693-NS 378694-NS 378695-NS 378696-NS 378697-NS 378698-NS378699.pdf"
"297","RECIPIENTE DE VIDRIO 1 (FACT-113) ","2025-04-26","1751479612_RECIPIENTE DE VIDRIO (FACT-113) J2.pdf"
"298","RECIPIENTE PLASTICO 1 (FACT-24) ","2024-06-26","1751479975_RECIPIENTE PLASTICO (FACT-24) NS 378631 NS 378679-NS 378680.pdf"
"299","RECIPIENTE PLEGABLE 1 (FACT-106)","2024-03-07","1751480085_RECIPIENTE PLEGABLE (FACT-106) 5305-5405.pdf"
"300","RELOJ 1 (FACT-32) ","2023-08-29","1751481154_RELOJ (FACT-32) MOD 0301 0103-MOD 0308 0803-MOD 0309 0903-MOD 0314 0403-MOD 0317 0703-MOD 0319 0903-MOD 0321 0103.pdf"
"301","RELOJ 2 (FACT-40) ","2023-09-07","1751481435_RELOJ (FACT-40) MOD 0322 0203-MOD 0323 0303-MOD 0324 0403-MOD 0325 0503-MOD 0326 0603-MOD 0327 0703-MD 0328 0803.pdf"
"302","RELOJ DE PARED 3 ( FACT 74 )","2024-10-29","1751481740_RELOJ DE PARED ( FACT 74 ) - NS 377911 - NS 377912 - NS377913 -NS 377914 -NS 377915 -NS 377916 -NS 377917 -NS 377918 -NS 377919 - NS 377920.pdf"
"303","RELOJ DE PARED 4 ( FACT 80)","2024-11-13","1751484401_RELOJ DE PARED ( FACT 80) - NS 377934.pdf"
"304","RELOJ DESPERTADOR 6 ( FACT 74 )","2024-10-29","1751484705_RELOJ DESPERTADOR ( FACT 74 ) NS 377937 -NS 377938 -NS 377939 -NS 377940 -NS 377941 -NS 377942 -NS 377943 -NS 377944 -NS 377945 -NS 377946 -NS 377947 -NS 377948.pdf"
"305","RELOJ PARED 7 (FACT-40) ","2023-09-09","1751485023_RELOJ PARED (FACT-40) 0203-0303-0403-0503-0603-0703-0903-0003-0203-0303-0403-0503-0603-0003-0103.pdf"
"306","REPRODUCTOR CARRO 1 (FACT-40)","2023-09-09","1751485777_REPRODUCTOR CARRO (FACT-40) 8702-8802.pdf"
"307","RIÑONERA 3 ( FACT 72) ","2024-10-09","1751486627_RIÑONERA ( FACT 72) NS 377835 -NS 377836-NS 377837-NS 377838 - NS 377839 -NS 377840 -NS 377841 -NS 377842-NS 377843 -NS 377844 -NS 377845 -NS 377846.pdf"
"308","RIÑONERA 4 (FAC 1061) ","2025-02-05","1751486997_RIÑONERA (FAC 1061) DS9011-DS9015-DS9021-REF633 DS9058-REF626 DS9059- REF582 DS9060- REF612 DS9065-REF621 DS9066-REF618 DS9067.pdf"
"309","BOLSOS 10 (FACT 872)","2024-12-24","1751487312_BOLSOS (FACT 872)- MNT-140 _ MNT-141 _ MNT-142 _ MNT-143 _ MNT-144 _ MNT-145 _ MNT-184_ MNT-185_ MNT-186_ MNT-187_ MNT-188_ MNT-189_ MNT-190_ MNT-191.pdf"
"310","BOLSOS 11 (FACT 898)  ","2025-01-04","1751487583_BOLSOS (FACT 898)  MNT-101 - 102-103-104-105-106-109-110-111-112-113-114-115-116-117-119-120-121-122-123-124-125.pdf"
"311","BOLSO VIAJERO (FAC 1061)","2025-02-05","1752008397_BOLSO VIAJERO (FAC 1061) REF 358 DS 9186- REF 276 DS 9189-REF 211 DS 9194- REF 8132 DS 9195- REF 8188 DS 9196.pdf"
"312","CUCHARAS 1 (FACT-1346) ","2025-06-26","1751652967_CUCHARAS (FACT-1346) CFX6-1 - CFX6-2 - CFX6-3 - CFX6-4 - CFX6-5 - CFX6-6 - CFX6-7 - CFX6-8 - CFX6-9 - CFX6-10 - CFX6-11 - CFX6-12 - CFX6-13 -CFX6-14 - CFX6-15 - CFX6-16 - CFX6-17 - CFX6-18 - CFX6-19 - CFX6-20.pdf"
"313","CUCHILLOS 1 (FACT-1346)","2025-06-26","1751653213_CUCHILLOS (FACT-1346) M-73 - M-74 - M-75.pdf"
"314","RALLADORES 2 (FACT-1346)","2025-06-26","1751653334_RALLADORES (FACT-1346) M-59 - M-60 - M-61 - M-76 - M-77 - M-78.pdf"
"315","LINTERNAS 1 (FACT-1346)","2025-06-26","1751653477_LINTERNAS 6 (FACT-1346) 9936 - 1175 -1170 - 18601 - 1173 - 101 - 5800 - 001COB - 201 - 8805 - C806.pdf"
"316","LLAVE EXPANSION 2 (FACT 1061)","2025-02-05","1751733050_LLAVE EXPANSION (FACT 1061) DS 25014.pdf"
"317","CARTAS 1 (FACT-116)","2024-03-14","1751898967_CARTAS (FACT-116) DS 8301-DS 8302-DS 8303-DS 8304-DS 8305.pdf"
"318","GANCHOS 2 (FACT-45)","2023-10-18","1751899297_GANCHOS (FACT-45) DS 230155.pdf"
"319","LIBRO DIDACTICO 2 (FACT-116)","2024-03-14","1751899580_LIBRO DIDACTICO (FACT-116) REF 66533-3 DS 1447.pdf"
"320","LINTERNA 2 (FACT 30462)","2024-06-20","1751899806_LINTERNA (FACT-30462) TJ-098-TJ-015.pdf"
"321","SARTEN 1 (FACT - 37)","2023-08-30","1751901270_SARTEN (FACT-37) 0514-0614-0714-0814-0914-1014-1114-1214-1314-1414-1514-1614-1714-1914-2014-2114-2214-2714-2814-2914-3014-3114-3214-3314-3414-3514-3614.pdf"
"322","SEGUETA 1 (FACT-106)","2024-03-07","1751901373_SEGUETA (FACT-106) 6001.pdf"
"323","SERVILLETERO 1 (FACT-18049)","2024-07-12","1751901476_SERVILLETERO (FACT-18049) EN 1638.pdf"
"324","UTENCILIO DE COCINA 2 (FACT-40) ","2023-09-09","1751901862_UTENCILIO DE COCINA (FACT-40) MOD 0819 1908-MOD 0820 2008-MOD 0821 2108-MOD 0822 2208.pdf"
"325","TERMO VACUM 20 (FACT-24) ","2024-06-26","1751902119_TERMO VACUM (FACT-24) NS 377731-NS 377733-NS 37734-NS 377736-NS 377737-NS 377739-NS 377740-NS 377741-NS 377747-NS 377748-NS 377750-NS 377751-NS 377752-NS 377753-NS 377754-NS 377755-NS 377759-NS 377760-NS 377761.pdf"
"326","SOMBRILLAS (FACT-1601) ","2025-09-02","1757679337_SOMBRILLAS (FACT-1601) SOM-1 - SOM-2 - SOM-3 - SOM-4 - SOM-5 - SOM-6.pdf"
"327","FACTURA (FV-872) BERACA IMPORT Y LOGISTICA","2025-01-13","1751907465_BERACA IMPORT Y LOGISTICA- FV-872.pdf"
"328","FACTURA (FV-891) BERACA IMPORT Y LOGISTICA","2025-01-17","1751907707_BERACA IMPORT Y LOGISTICA- FV-891.pdf"
"329","FACTURA (FV-898) BERACA IMPORT Y LOGISTICA","2025-01-17","1751907803_BERACA IMPORT Y LOGISTICA- FV-898.pdf"
"330","FACTURA (FV-926) BERACA IMPORT Y LOGISTICA ","2025-02-10","1751907878_BERACA IMPORT Y LOGISTICA- FV-926.pdf"
"331","FACTURA (FV-1133) BERACA IMPORT Y LOGISTICA","2025-05-14","1751907981_BERACA IMPORT Y LOGISTICA- FV-1133.pdf"
"332","FACTURA (FV-1163) BERACA IMPORT Y LOGISTICA","2025-05-22","1751908065_BERACA IMPORT Y LOGISTICA- FV-1163.pdf"
"333","1 FACTURA ( FV-1195) BERACA IMPORT Y LOGISTICA ","2025-05-31","1751908308_BERACA IMPORT Y LOGISTICA- FV-1195.pdf"
"335","FACTURA (FV-1212) BERACA IMPORT Y LOGISTICA","2025-06-10","1751909053_BERACA IMPORT Y LOGISTICA- FV-1212.pdf"
"336","FACTURA ( FV-1282) BERACA IMPORT Y LOGISTICA ","2025-06-17","1751910167_BERACA IMPORT Y LOGISTICA- FV-1282.pdf"
"337","FACTURA (FV-1290) BERACA IMPORT Y LOGISTICA","2025-06-24","1751910265_BERACA IMPORT Y LOGISTICA- FV-1290.pdf"
"338","FACTURA (FV-1346) BERACA IMPORT Y LOGISTICA","2025-07-03","1751910365_BERACA IMPORT Y LOGISTICA- FV-1346.pdf"
"339","FACTURA (FV-201) CACHARROS DPECHAN","2025-04-24","1751910522_CACHARROS DPECHAN- FV-201.pdf"
"340","FACTURA (FV-6434) COMERCIALIZADORA LA CHISPA ","2025-04-24","1751910624_COMERCIALIZADORA LA CHISPA- FV-6434.pdf"
"341","FACTURA (FV-3661) COMERCIALIZADORA ZURA","2025-03-20","1751910800_COMERCIALIZADORA ZURA- FV-3661.pdf"
"342","FACTURA (FV-3782) COMERCIALIZADORA ZURA","2025-04-08","1751910912_COMERCIALIZADORA ZURA- FV-3782.pdf"
"343","FACTURA (FV-3846) COMERCIALIZADORA ZURA","2025-04-23","1751911125_COMERCIALIZADORA ZURA- FV-3846.pdf"
"344","FACTURA (FV-3857) COMERCIALIZADORA ZURA","2025-04-23","1751911306_COMERCIALIZADORA ZURA- FV-3857.pdf"
"345","FACTURA (FV-1061) I&E LOGISTICS ","2025-02-10","1751914754_I&E LOGISTICS- FV-1061.pdf"
"346","FACTURA (FV-18049) IMPORTADORA LUPITA","2025-04-21","1751914845_IMPORTADORA LUPITA- FV-18049.pdf"
"347","FACTURA (FV-18068) IMPORTADORA LUPITA ","2025-04-22","1751918478_IMPORTADORA LUPITA- FV-18068.pdf"
"348","FACTURA (FV-18088) IMPORTADORA LUPITA","2025-04-30","1751918556_IMPORTADORA LUPITA- FV-18088.pdf"
"349","FACTURA (FV-18383) IMPORTADORA LUPITA","2025-05-09","1751918630_IMPORTADORA LUPITA- FV-18383.pdf"
"350","FACTURA ( FV-18552) IMPORTADORA LUPITA","2025-05-20","1751918881_IMPORTADORA LUPITA- FV-18552.pdf"
"351","FACTURA (FV-7529) JEFFERSON (IMPRAGA)","2025-04-24","1751919337_JEFFERSON (IMPRAGA)- FV-7529.pdf"
"352","FACTURA (FV-7519) JEFFERSON (IMPRAGA)","2025-04-21","1751919422_JEFFERSON (IMPRAGA)-FV-7519.pdf"
"353","FACTURA (FV-113) LA MAGIA DEL HOGAR","2025-05-12","1751919529_LA MAGIA DEL HOGAR- FV-113.pdf"
"354","FACTURA (FV-25) MIYERLAND","2023-08-24","1751919610_MIYERLAND-FV-25.pdf"
"355","FACTURA (FV-32) MIYERLAND","2023-09-04","1751919714_MIYERLAND-FV-32.pdf"
"356","FACTURA (FV-37) MIYERLAND","2023-09-07","1751919950_MIYERLAND-FV-37.pdf"
"357","FACTURA (FV-40) MIYERLAND","2023-09-22","1751920164_MIYERLAND-FV-40.pdf"
"358","FACTURA (FV-45) MIYERLAND","2023-10-27","1751920272_MIYERLAND-FV-45.pdf"
"359","FACTURA (FV-86) MIYERLAND","2024-01-05","1751920423_MIYERLAND-FV-86.pdf"
"360","FACTURA (FV-106) MIYERLAND","2024-03-15","1751920630_MIYERLAND-FV-106.pdf"
"361","FACTURA (FV-115) MIYERLAND","2024-09-04","1751920757_MIYRLAND-FV-115.pdf"
"362","FACTURA (FV-24) NOVAIMPORTS VENTURE ","2024-07-12","1751920854_NOVAIMPORTS VENTURE- FV-24.pdf"
"363","FACTURA ( FV-25) NOVAIMPORTS VENTURE","2024-07-18","1751920928_NOVAIMPORTS VENTURE- FV-25.pdf"
"364","FACTURA (FV-72) NOVAIMPORTS VENTURE","2024-12-06","1751921005_NOVAIMPORTS VENTURE- FV-72.pdf"
"365","FACTURA (FV-74) NOVAIMPORTS VENTURE","2024-11-07","1751921098_NOVAIMPORTS VENTURE- FV-74.pdf"
"366","FACTURA ( FV-80) NOVAIMPORTS VENRURE","2024-11-20","1751921243_NOVAIMPORTS VENTURE- FV-80.pdf"
"367","FACTURA (FV-126) NOVAIMPORTS VENTURE","2025-02-04","1751921351_NOVAIMPORTS VENTURE FV-126.pdf"
"368","FACTURA ( FV-72) PRAGA MQ","2025-05-16","1751921435_PRAGA MQ- FV-72.pdf"
"369","FACTURA (FV-1065) SINOCOL SOLUCIONES LOGISTICAS","2025-01-30","1751921500_SINOCOL SOLUCIONES LOGISTICAS- FV-1065.pdf"
"370","FACTURA (FV-30462) SONAKY","2025-04-22","1751921607_SONAKY- FV-30462.pdf"
"371","FACTURA (FV-30474) SONAKY","2025-04-24","1751921648_SONAKY- FV-30474.pdf"
"372","LLAVE (FACT-45)","2023-10-18","1751922014_LLAVE (FACT-45) DS 230113.pdf"
"373","LLAVE DE TUBO (FACT-106) ","2024-03-07","1751922211_LLAVE DE TUBO (FACT-106) 1501-1601-1701-2301-2401-2501-4101-4201-4801.pdf"
"374","LONCHERA (FACT-86) ","2023-12-28","1751922479_LONCHERA (FACT-86) REF 247 DS 9126.pdf"
"375","LONCHERA (FAC 1061)","2025-02-05","1751923667_LONCHERA (FAC 1061) DS 9001-DS 9002-DS 9003-DS 9004-DS 9005-DS 9007-DS 9008-DS 9009.pdf"
"376","SARTEN (FACT-18049)","2024-05-17","1751924112_SARTEN (FACT-18049) EN 1533.pdf"
"377","SARTEN (FACT-18552) ","2025-02-06","1751924386_SARTEN (FACT-18552) EN 1352.pdf"
"378","SET AFILADOR CUCHILLOS (FACT-106)","2024-03-07","1751983597_SET AFILADOR CUCHILLOS (FACT-106) 1305-2305-2405-2505.pdf"
"379","SOMBRILLAS ( FACT 72) ","2024-10-29","1751983769_SOMBRILLAS ( FACT 72) -NS 377644 -NS 377645.pdf"
"380","SOMBRILLAS (FACT-3857) ","2024-10-02","1751983960_SOMBRILLAS (FACT-3857) 1034-4-1034-5.pdf"
"381","TERMO VACUM (FACT-25)","2024-07-03","1751984131_TERMO VACUM (FACT-25) NS 377735-NS 377741-NS 377743-NS 377744-NS 377745-NS 377746-NS 377749-NS 377780-NS 377781.pdf"
"382","UTENCILIOS DE COCINA (FACT-32)","2023-08-29","1751984279_UTENCILIOS DE COCINA (FACT-32) MOD 1403 0314-MOD 1404 0414-.pdf"
"383","CANDADOS (FACT-1357) ","2025-06-26","1752001151_CANDADOS (FACT-1357) M-63 - M-64 -M-65 - M-66 - M-67 - M-68 -.pdf"
"384","CUCHILLO (FACT-1357) ","2025-06-26","1752001203_CUCHILLO (FACT-1357) M-69.pdf"
"385","GRAMERA (FACT-1357)","2025-06-26","1752001253_GRAMERA (FACT-1357) MN-2 - MN-3.pdf"
"386","RAQUETA MOSCOS (FACT-1357) ","2025-06-26","1752001303_RAQUETA MOSCOS (FACT-1357) M-13.pdf"
"387","SARTEN (FACT-1357)","2025-06-26","1752001363_SARTEN (FACT-1357) M-8 - M-9 - M-10 - M-11 - M-12.pdf"
"388","FACTURA (FV-1357) BERACA IMPORT Y LOGISTICA","2025-07-08","1752001442_BERACA IMPORT Y LOGISTICA-FV-1357.pdf"
"389","PINZA-ALICATE-EXPRIMIDOR (FACT-1357)","2025-06-26","1752175524_PINZA-ALICATE-EXPRIMIDOR (FACT-1357) M-70 - M-71 - M-72 -.pdf"
"390","BOMBILLO LED (FACT-315470)","2021-11-12","1752176854_BOMBILLO LED (FACT-315470) TTA40 50W - TTA39 40W - TTA38 30W - TTA37 20W - TTA36 15W - TTA35 12W.pdf"
"391","PARLANTE (FACT- 4425) ","2025-06-05","1752590428_PARLANTE (FACT- 4425) GTS1961 - GTS2307 - GTS2288.pdf"
"392","PARLANTES (FACT-4425)","2025-05-30","1752590559_PARLANTES (FACT-4425) 2QS1826B - 2QS1826D.pdf"
"393","FACTURA (FV-4425) COMERCIALIZADORA ZURA","2025-07-11","1752609996_FACTURA (FV-4425) COMERCIALIZADORA ZURA.pdf"
"394","CEPILLO (FACT-4426)","2024-12-17","1752610817_CEPILLO (FACT-4426) - LK-11 - 131 - 127 - 197 - 3713-7.pdf"
"395","VENTILADORES (FACT-4426)","2024-10-23","1754338808_VENTILADORES (FACT-4426) - YM88182 - DD5630A - YMBB172A- DD8049 - DDG002-2  - DD8002-2 - DD8064A -DD8023A - DD0519 - YM88196A.pdf"
"396","FACTURA (FV-4426) COMERCIALIZADORA ZURA","2025-07-11","1752611680_FACTURA (FV-4426) COMERCIALIZADORA ZURA.pdf"
"397","LINTERNA (FACT-1384)","2025-07-09","1752696853_LINTERNAS (FACT-1384) - 177 - HX-916 - HX-915 - PM-2831 - WH-1103.pdf"
"398","GANCHO (FACT-1384)","2025-07-09","1752697653_GANCHO (FACT-1384) - M-1 - M-2 - M-3 -P6.pdf"
"399","ALICATE, CORTA FRIO. OTROS (FACT-1384) ","2025-07-09","1752698432_ALICATE, CORTA FRIO. OTROS (FACT-1384) - M-18 - M-19 - M-21 - M-19 - M-21 - M-39.pdf"
"400","DESTORNILLADOR (FACT-1384)","2025-07-09","1752698926_DESTORNILLADOR (FACT-1384) - M-27 - M-26 - M-33.pdf"
"401","GUANTE ESTERILIZANTE (FACT-1384) - M-41","2025-07-09","1752699084_GUANTE ESTERILIZANTE (FACT-1384) - M-41.pdf"
"402","JUEGO RATCHE (FACT-1384) ","2025-07-09","1752699287_JUEGO RATCHE (FACT-1384) M-23 - M-23 - M-38 .pdf"
"403","SEGUETA METALICA (FACT-1384)","2025-07-09","1752701500_SEGUETA METALICA (FACT-1384) M-34.pdf"
"404","PISTOLA, REGADERA (FACT-1384)","2025-07-09","1752701756_PISTOLA, REGADERA (FACT-1384) - M-16 - M-17 - M-32.pdf"
"405","CUCHARA DE MADERA (FACT-1384)","2025-07-09","1752702074_CUCHARA DE MADERA (FACT-1384) - M-52.pdf"
"406","MARTILLO (FACT-1384)","2025-07-09","1752702209_MARTILLO (FACT-1384) - M-15 - M-82 - M-83.pdf"
"407","CUCHARA Y TENEDOR PLATEADO (FACT-1384)","2025-07-09","1752702697_CUCHARA Y TENEDOR PLATEADO (FACT-1384) - SCSX6-1 - SCSX6-2 - SCSX6-3 - SCSX6-4 - SCSX6-5 - SCSX6-6 - SCSX6-7 - SCSX6-8 - SCSX6-9 - SCSX6-10 - SCSX6-11 - SCSX6-12 - SCSX6-13 - SCSX6-14 - SCSX6-15.pdf"
"408","REMACHADORA (FACT-1384) ","2025-07-09","1752702920_REMACHADORA (FACT-1384) - M-26.pdf"
"409","CUCHILLO , NAVAJA (FACT-1384)","2025-07-09","1752703285_CUCHILLO , NAVAJA (FACT-1384) - M-6 - M-24 - M-25 - M-53 - NA-1 - NA-2 - NA-3 - NA-4.pdf"
"410","JUEGO LLAVES (FACT-1384)","2025-07-09","1752703473_JUEGO LLAVES (FACT-1384) - M-29 - YL-003.pdf"
"411","PELA PAPA (FACT-1384)","2025-07-09","1752703807_PELA PAPA (FACT-1384) - M-7.pdf"
"412","SET JARDINERA (FACT-1384)","2025-07-09","1752703955_SET JARDINERA (FACT-1384) - M-35.pdf"
"413","TIJERA (FACT-1384)","2025-07-09","1752704112_TIJERA (FACT-1384) - M-22.pdf"
"414","JUEGO CAUTIN (FACT-1384)","2025-07-09","1752761835_JUEGO CAUTIN (FACT-1384) - M-20.pdf"
"415","LINTERNAS (FACT- 1384)","2025-07-08","1752762158_LINTERNAS (FACT- 1384) -M-43 - M-44 - M-45 - M-46 - M-47 - M-48 - 139 - 110 - X10.pdf"
"416","CEPILLO DE WATER (FACT-1384)","2025-07-09","1752762313_CEPILLO DE WATER (FACT-1384) - M-57 - M-58.pdf"
"417","BROCHA (FACT-1384)","2025-07-09","1752762411_BROCHA (FACT-1384) - M-40.pdf"
"418","FACTURA (FV-1384) BERACA IMPORT Y LOGISTICA ","2025-07-16","1752762663_FACTURA (FV-1384) BERACA IMPORT Y LOGISTICA.pdf"
"419","TABLA DE PICAR (FACT-1384)","2025-07-09","1752763017_TABLA DE PICAR (FACT-1384) - M-50 - M-51.pdf"
"420","PORTA CEPILLO, DETECTA ENERGIA (FACT-1384)","2025-07-09","1752764453_PORTA CEPILLO, DETECTA ENERGIA (FACT-1384) - JX-5588 - M-36.pdf"
"421","TERMO (FACT-1384)","2025-07-09","1752764694_TERMO (FACT-1384) - M-54 - M-55 - M-56 - M-62.pdf"
"422","KIT BISTURI Y DESTORNILLADOR (FACT-1384)","2025-07-09","1752766253_KIT BISTURI Y DESTORNILLADOR (FACT-1384) - M-31.pdf"
"424","VINCULO FACT 113 (IMPORTADORA LA MAGIA DEL HOGAR)","2025-05-05","1752875459_VINCULO FACT 113 (IMPORTADORA LA MAGIA DEL HOGAR).pdf"
"425","VINCULO FACT 113 (IMPORTADORA LA MAGIA DEL HOGAR)","2025-05-05","1752875477_VINCULO FACT 113 (IMPORTADORA LA MAGIA DEL HOGAR).pdf"
"426","VINCULO FACT 30462 (SONAKY)","2025-03-17","1752932848_VINCULO FACT 30462 (SONAKY).pdf"
"427","VINCULO FACT 3846 (COMERCIALIZADORA ZURA)","2024-12-28","1752934317_VINCULO FACT 3846 (COMERCIALIZADORA ZURA).pdf"
"428","VINCULO FACT 3661 (COMERCIALIZADORA ZURA)","2025-01-24","1752942503_VINCULO FACT 3661 (COMERCIALIZADORA ZURA).pdf"
"429","VINCULO FACT 7529 (IMPORTADORA PRAGA- IMPRAGA)","2025-04-07","1752943422_VINCULO FACT 7529 (IMPORTADORA PRAGA- IMPRAGA).pdf"
"430","VINCULO FACT 3857 (COMERCIALIZADORA ZURA)","2025-04-23","1753191011_VINCULO FACT 3857 (COMERCIALIZADORA ZURA).pdf"
"431","VINCULO FACT 72 (PRAGA MQ)","2025-05-16","1753191053_VINCULO FACT 72 (PRAGA MQ).pdf"
"432","VINCULO FACT 3782 (COMERCIALIZADORA ZURA)","2025-04-08","1753191122_VINCULO FACT 3782 (COMERCIALIZADORA ZURA).pdf"
"433","VINCULO FACT 201 (CACHARROS D´PECHAN)","2025-04-24","1753191174_VINCULO FACT 201 (CACHARROS D´PECHAN).pdf"
"434","VINCULO FACT 1065 (SINOCOL)","2025-01-30","1753214194_VINCULO FACT 1065 (SINOCOL).pdf"
"435","PIERNERA (FACT-1421)","2025-07-19","1753968719_PIERNERA (FACT-1421) 8731-1 - 8731-2 - 8731-3.pdf"
"436","FACTURA (FV-1421)BERACA IMPORT Y LOGISTICA","2025-07-30","1753968835_BERACA IMPORT Y LOGISTICA  FV 1421.pdf"
"437","TETERO (FACT-1454)","2025-07-24","1754324708_TETERO (FACT-XX) AB-120 - PGX-816 - PGX-815 - AB-802 - PGX-002 - PGX-014 - PGX-013 - PGX-8005 - PGX-S15 - PGX-S14 - PGX-8001 - PGX-8002 - PGX-AB-13F - PGX-13G-1 - PGX-14G - PGX-13G - PGX-14C.pdf"
"438","MANOS LIBRES (FACT-1454) ","2025-07-24","1754325292_MANOS LIBRES (FACT-XX) NS377841 - NS377840 - NS377842 - NS377843 - NS377844.pdf"
"439","BOLSO MORRAL (FACT-1454) ","2025-07-24","1754325357_BOLSO MORRAL (FACT-XX) 2303 - 1903 - 6624.pdf"
"440","FACTURA (FV-1454) BERACA IMPORT Y LOGISTICA","2025-08-04","1754343544_BERACA IMPORT Y LOGISTICA (FV 1454).pdf"
"441","FACTURA (FV-1437) BERACA IMPORT Y LOGISTICA","2025-08-06","1754659664_FACTURA (FV-1437) BERACA IMPORT Y LOGISTICA.pdf"
"442","BOLSO MORRAL (FACT-1494) ","2025-07-22","1755096913_BOLSO MORRAL (FACT-1494) 6056 - 6016-3.pdf"
"443","EXTENCION ELECTRICA (FACT-18049) ","2025-04-02","1754339803_EXTENCION ELECTRICA (FACT-18049) ZJ-2ZB 12FT-15FT-20FT-6FT-9FT-3M-6M-10M-8M-15M-20M.pdf"
"444","EXTECION ELECTRICA (FACT-18068) ","2025-04-02","1754339940_EXTECION ELECTRICA (FACT-18068) ZJ-2ZB 12FT-15FT-8M.pdf"
"445","BOLSO Y RIÑONERA /FACT-1454","2025-07-24","1754397773_BOLSOS Y RIÑONERAS FACT-1454.pdf"
"446","TETEROS (FACT-1437) ","2025-08-09","1754744747_TETEROS (FACT-1437) AB-S20 - AB-10PCS - AB-119 - PGX-3PCS - PGX-001 - PGX-S16 - PGX-S17 - AB-13K - AB-14B - AB-13B - PGX-AB-14F - PGX-14G-1 - PGX-14H - PGX-13H - PGX-13C - PGX-8004A PGX-8003A.pdf"
"448","SOMBRILLA (FACT-1509) ","2025-05-08","1755876555_SOMBRILLA (FACT-1509) M-1 - M-2 - M-3.pdf"
"449","BOMBILLO (FACT-316467)","2024-06-27","1756131974_BOMBILLO (FACT-316467) ELT16 - ELT17 - ELT18 - ELT19.pdf"
"450","VINCULOS FACT 316467 (ELECTRICFERRO)","2025-07-30","1756134614_VINCULOS FACT 316467 (ELECTRICFERRO).pdf"
"451","FACTURA (FV-316467) SONAKY","2025-08-13","1756311963_FACTURA (FV-316467) SONAKY.pdf"
"452","BOLSO MORRAL (FACT-1157)","2025-08-20","1756480259_BOLSO MORRAL (FACT-1157) A-27 - A-52 - A-39 - A-42 - A-51 - A-33 - A-48 - A-49 - A-17 - A-32 - A-7 - A-5 - 23006 - 23021 - 23007 - 23008 - 23022 - 23024 - 23017 - 23025.pdf"
"453","SOMBRILLAS (FACT-1157)","2025-08-19","1756480438_SOMBRILLAS (FACT-1157) K638 - M-1 -M-2 - K284 - K617 - M-3 - M-4 - M-5 - M-6 - M-7 - M-8 - M-9 - M-10.pdf"
"454","POCILLO TINTERO (FACT-1157)","2025-08-20","1757606844_POCILLO TINTERO (FACT-1157) M-1 M-2.pdf"
"455","FACTURA (FV-1157) SINOCOL SOLUCIONES LOGISTICAS","2025-08-28","1756489721_FACTURA (FV-1157) SINOCOL SOLUCIONES LOGISTICAS.pdf"
"456","VINCULO FACT 1157 (SINOCOL SOLUCIONES LOGISTICAS)","2025-08-28","1756489980_VINCULO FACT 1157 (SINOCOL SOLUCIONES LOGISTICAS).pdf"
"457","CARGADORES (FACT-4870) ","2025-05-03","1757084222_CARGADORES (FACT-4870) CX-130 - CX-150.pdf"
"458","FACTURA (FV-4870) COMERCIALIZADORA ZURA SAS","2025-09-20","1757084496_FACTURA (FV-4870) COMERCIALIZADORA SURA SAS.pdf"
"459","VINCULO FACT 4870 (COMERCIALIZADORA ZURA)","2025-09-02","1757440449_VINCULO FACT 4870 (COMERCIALIZADORA ZURA).pdf"
"460","FACTURA (FV-1494) BERACA IMPORT Y LOGISTICA","2025-08-12","1757448266_FACTURA (FV-1494) BERACA IMPORT Y LOGISTICA.pdf"
"462","PORTA COMIDA Y TERMO INFANTIL (FACT-1614) ","2025-09-04","1758137119_PORTA COMIDA Y TERMO INFANTIL (FACT-1614) DM6045 - 3801 - 3796 - 7022 - 7021 - 7020 - 0091A - 3746 - A6000 - 6020 - A6001 - A6003 - A6009 - A6004 - A324 - A323 - 2914.pdf"
"463","FACTURA (FV-315470) SONAKY GRUP","2025-07-02","1757532824_FACTURA (FV-315470) SONAKY GRUP.pdf"
"464","VENTILADOR PORTATIL (FACT-1614) ","2025-09-04","1758137174_VENTILADOR PORTATIL (FACT-1614) 2281B - JL8831 - L-611 - TJ-30A-B - JQK8 - T10-2A-B - JL8902A - JL8831 - JL8830 - JL8861B-C - JL8861-A - JL8835 - JL8839A - 88-58.pdf"
"465","CALCULADORA (FACT-1614) ","2025-09-04","1758137191_CALCULADORA (FACT-1614) KD-815 - KD-100B - KD-8837B - KD-3851B - KD-3866B.pdf"
"466","TIJERAS (FACT-1614)","2025-09-17","1758137628_TIJERAS (FACT-1614) 5.pdf"
"467","FACTURA (FV-1601) BERACA IMPORT Y LOGISTICA","2025-09-11","1757679310_FACTURA (FV-1601) BERACA IMPORT Y LOGISTICA.pdf"
"469","BOLSOS (FACT-1642) ","2025-09-03","1758296490_BOLSOS (FACT-1642) 24502 - 80185 - 24102.pdf"
"470","FACTURA (FV-1642) BERACA IMPORT Y LOGISTICA","2025-09-19","1758296518_FACTURA (FV-1642) BERACA IMPORT Y LOGISTICA.pdf"
"471","FACTURA (FV-31430) SONAKY","2025-09-01","1758297539_FACTURA (FV-31430) SONAKY.pdf"
"472","VENADO INFLABLE (FACT-31430)","2005-03-29","1758297820_VENADO INFLABLE (FACT-31430) JP302.pdf"
"473","CUCHILLO (FACT-31529) ","2025-07-19","1758298879_CUCHILLO (FACT-31529) TJ-001-5P , TJ-001-6P , TJ-004-4P , TJ-004-5P , TJ-004-6P , TJ-004-8P , TJ-A132.pdf"
"474","CUCHILLO (FACT-31531)","2025-02-21","1758298989_CUCHILLO (FACT-31531) JP748-2 , JP748-3 , JP749-1 , JP905.pdf"
"475","CUCHILLO (FACT-31529) ","2025-07-18","1758802536_CUCHILLO (FACT-31529) TJ-001-5P , TJ-001-6P , TJ-004-4P , TJ-004-5P , TJ-004-6P , TJ-004-8P , TJ-A132.pdf"
"476","CUCHILLO (FACT-31531)","2025-02-20","1758802580_CUCHILLO (FACT-31531) JP748-2 , JP748-3 , JP749-1 , JP905.pdf"
"477","TAZONES (FACT-1576) ","2025-08-27","1758803220_TAZONES (FACT-1576) XM-2813 - XM-2814 - XM-2819 - XM-2820 - BYT-4045 - BYT-4049 - BYT-4047 - BYT-4051 - BYT-4203 - BYT-4001 - BYT-4202 - BYT-4048 - BYT-4005 - SY-11 - SY-15 - SY-10 - SY-5 - SY-1.pdf"
"478","FACTURA (FV-1576) BERACA IMPORT Y LOGISTICA","2025-09-10","1758803511_FACTURA (FV-1576) BERACA IMPORT Y LOGISTICA.pdf"
"482","FACTURA (FV-8677) COMERCIALIZADORA LA CHISPA","2025-09-25","1758911637_FACTURA (FV-8677) COMERCIALIZADORA LA CHISPA.pdf"
"483","CUCHILLO (FACT-8677) ","2025-08-25","1758912151_CUCHILLO (FACT-8677) CH20253 , CH20254 , CH20255 , CH20256 , CH20257 , CH20259 , CH20260 , CH20261 , CH20262 , CH20263.pdf"
"484","FACTURA (FV-1650) BERACA IMPORT Y LOGISTICA","2025-09-29","1759162755_FACTURA (FV-1650) BERACA IMPORT Y LOGISTICA.pdf"
"485","LANZA DARDOS (FACT-1650)","2025-09-13","1759162843_LANZA DARDOS (FACT-1650) AA001.pdf"
"486","BOLSO MORRAL (FACT-1650)","2025-09-12","1759162907_BOLSO MORRAL (FACT-1650) 2442 , 80006 , 24131 , 24134 , 24132 , 24133 , 80005 , 80012 , 80003 , 80001 , 80007 , 23551 , 23553 , 23552 , 60009 , 60002 , 60011.pdf"
"487","RADIO PARLANTE (FACT-1650)","2025-09-13","1759162998_RADIO PARLANTE (FACT-1650) RX-BT1112S , RX-BT032 , RX-BT031S , RX-BT033S.pdf"
"488","METRO (FACT-233)","2025-07-31","1759256898_METRO (FACT-233) MJ2438 , MJ2439 , MJ2441 , MJ2440.pdf"
"489","FACTURA (FV-233) IMPORTADORA Y COMERCIALIZADORA MAJO SAS","2025-09-26","1759256925_FACTURA (FV-233) IMPORTADORA Y COMERCIALIZADORA MAJO SAS.pdf"
"490","BOLSO MORRAL (FACT-1702) ","2025-09-19","1760129106_BOLSO MORRAL (FACT-1702) AD-1813#.pdf"
"491","CEPILLO PARA EL PELO (FACT-1702) ","2025-09-19","1760129130_CEPILLO PARA EL PELO (FACT-1702) 9581-69 , 066-68-86 , 9551-69 , 8587CD , 8587BJ , 8586CC , CEP-1 , CEP-2 , CEP-3 , CEP-001 , CEP-002 , CEP-003 , CEP-004 , CEP-005 , CEP-006 , CEP-007 , CEP-008.pdf"
"492","GUANTES DE TRABAJO (FACT-1702) ","2025-09-19","1760129146_GUANTES DE TRABAJO (FACT-1702) GUA-1.pdf"
"493","JUGUETE DE CARRO CARRERAS (FACT-1702) ","2025-09-19","1760129165_JUGUETE DE CARRO CARRERAS (FACT-1702) 3611A-1 , 3621A , 3621A-1 , 3631A , 3641A , 3642A , 3651A-1 , 3651A , 3661A , 3671A , 3681A , 3691A , 36101A , 36111A , 36121A , 36131A , 36141A , 36151A.pdf"
"494","PARLANTE (FACT-1702) ","2025-09-19","1760129186_PARLANTE (FACT-1702) CHARGE2+ , MINI , BASS-35 , LW , S3 , S3-M , G2389 , Q106 , S29 , S29-M , TG-314.pdf"
"495","RADIO PARLANTE (FACT-1702) ","2025-09-19","1760129205_RADIO PARLANTE (FACT-1702) RX-BT618 , RX-BT628 , RX-BT628S , RX-BT3040S , RX-BT3050S.pdf"
"496","SOMBRILLAS (FACT-1702) ","2025-09-19","1760129441_SOMBRILLAS (FACT-1702) SOM-001 , SOM-002 , SOM-003 , SOM-004 , SOM-005 , SOM-006 , SOM-007 , SOM-008 , SOM-009 , SOM-010 , SOM-011 , SOM-012 , SOM-013 , SOM-014 , SOM-015.pdf"
"497","FACTURA (FV-1702) BERACA IMPORT Y LOGISTICA","2025-10-01","1760129660_FACTURA (FV-1702) BERACA IMPORT Y LOGISTICA.pdf"
"498","PULPO BAILARIN (FACT-1200) ","2025-10-03","1761077033_PULPO BAILARIN (FACT-1200) WQ-143.pdf"
"499","JUGUETE PISTOLA DE AGUA (FACT-20638) ","2025-09-10","1760632566_JUGUETE PISTOLA DE AGUA (FACT-20638) EN02034.pdf"
"500","FACTURA (FV-20638) IMPORTADORA LUPITA","2025-09-24","1760632819_FACTURA (FV-20638) IMPORTADORA LUPITA.pdf"
"501","FACURA (FV-20939) IMPORTADORA LUPITA","2025-10-15","1760632894_FACURA (FV-20939) IMPORTADORA LUPITA.pdf"
"502","FACTURA (FV-1200) SINOCOL SOLUCIONES LOGISTICAS","2025-10-20","1761077094_FACTURA (FV-1200) SINOCOL SOLUCIONES LOGISTICAS.pdf"
"503","FACTURA (FV-7300) NANCY YAMILE GIRALDO GOMEZ (CAROLO)","2025-10-08","1761078225_FACTURA (FV-7300) NANCY YAMILE GIRALDO GOMEZ (CAROLO).pdf"
"504","SOMBRILLA (FACT-7300) ","2025-09-23","1761078275_SOMBRILLA (FACT-7300) LOA-020 , LOA-021.pdf"
"505","VINCULO FACT-1200 (SINOCOL SOLUCIONES Y LOGISTICA)","2025-10-18","1762346860_VINCULO FACT 1200 (SINOCOL SOLUCIONES Y LOGISTICA).pdf"
"506","BOLSA DE MERCADO (FACT-1236)","2025-10-27","1762793990_BOLSA DE MERCADO (FACT-1236) BLS-01 , BLS-02 , BLS-03 , BLS-04 , BLS-05 , BLS-06 , BLS-07.pdf"
"507","FACTURA (FV-1236) SINOCOL SOLUCIONES Y LOGISTICAS","2025-11-08","1762794027_FACTURA (FV-1236) SINOCOL SOLUCIONES Y LOGISTICAS.pdf"
"508","VINCULO FACT 1236 (SINOCOL SOLUCIONES Y LOGISTICAS)","2025-11-07","1762794057_VINCULO FACT 1236 (SINOCOL SOLUCIONES Y LOGISTICAS).pdf"
"509","BOLSO INFANTIL (FACT-1852) ","2025-10-29","1762957644_BOLSO INFANTIL (FACT-1852) BOL-001 , BOL-002 , BOL-003 , BOL-005 , BOL-006 , BOL-007 , BOL-008 , BOL-009 , BOL-010 , BOL-011 , BOL-012 , BOL-013 , BOL-014 , BOL-015.pdf"
"510","FACTURA (FV-1852) BERACA IMPORT Y LOGISTICA","2025-11-11","1762966247_FACTURA (FV-1852) BERACA IMPORT Y LOGISTICA.pdf"
"511","FACTURA (FV-1847) DC COSMETICOS","2025-11-04","1762981251_FACTURA (FV-1847) DC COSMETICOS.pdf"
"512","BASCULA (FACT-1847) ","2025-10-02","1762981308_BASCULA (FACT-1847) 25DH-468.pdf"
"513","PISTOLA DE SILICONA (FACT-1847) ","2025-09-19","1762981389_PISTOLA DE SILICONA (FACT-1847) DFA2507-269.pdf"
"514","CONJUNTO DE ANIMALES (FACT-20939) ","2025-09-23","1763764003_CONJUNTO DE ANIMALES (FACT-20939) 611-1 , 661-11.pdf"
"515","MUÑECA CON CARRO (FACT-20939)","2025-09-15","1763764041_MUÑECA CON CARRO (FACT-20939) 857-78.pdf"
"516","PISTOLA DE AGUA, JUEGO DIBUJOS DE TREN (FACT-20939) ","2025-09-16","1763764096_PISTOLA DE AGUA, JUEGO DIBUJOS DE TREN (FACT-20939) 562 , 530 , YH840.pdf"
"517","PISTOLA DE AGUA, PISTOLA DARDOS, CASTILLO (FACT-20939) ","2025-09-09","1763764142_PISTOLA DE AGUA, PISTOLA DARDOS, CASTILLO (FACT-20939) H553 , XD688-37 , A88-44 , 718AB , A88-34.pdf"
"518","SET BAÑERA (FACT-20939) ","2025-09-09","1763764182_SET BAÑERA (FACT-20939) MD034.pdf"
"519","JUGUETE CAMIÓN (FACT-1945) ","2025-11-24","1764446640_JUGUETE CAMIÓN (FACT-1945) 1856-1 ,1856-13 , 1856-15 , 1856-17 , 1856-18 , 1856-19 , 1856-22 , 1856-29 , 1856-31 , 1856-32 , 1856-33 , 1856-34 , 1856-35 , 1856-41 , 1856-42 , 586-23 , 2248-1.pdf"
"520","FACTURA (FV-1944) BERACA IMPORT Y LOGISTICA","2025-11-28","1764532878_FACTURA (FV-1944) BERACA IMPORT Y LOGISTICA.pdf"
"521","FACTURA (FV-1945) BERACA IMPORT Y LOGISTICA","2025-11-28","1764532967_FACTURA (FV-1945) BERACA IMPORT Y LOGISTICA.pdf"
"522","JUGUETE CARROS MULTICOLOR (FACT-1945)","2025-11-24","1764766766_JUGUETE CARROS MULTICOLOR (FACT-1945) 1856-2 , 1856-12 , 1856-16 , 1856-21 , 1856-24 , 1856-25 , 1856-26 , 1856-37 , 1856-39 , 1856-43 , 209-4D , 168-2 , HY-680 , 786-11013 , 3634 , 6668-14A.pdf"
"523","MUÑECA CON VESTIDO (FACT-1945) ","2025-11-25","1764767005_MUÑECA CON VESTIDO (FACT-1945) 1856-7 , 1856-8 , 1856-10 , 1856-20 , 1856-30 , 1856-38 , 1856-40 , YM-8800F.pdf"
"524","JUGUETE DE INSECTOS (FACT-1945)","2025-11-24","1764767317_JUGUETE DE INSECTOS (FACT-1945) 1856-4 , 1856-23 , 2248-12 , 2248-13 , YH8802D , YH8802A , YH8801C , YH8802B , HC-502 , HY-619.pdf"
"525","FACTURA (FV-1944) BERACA IMPORT Y LOGISTICA","2025-11-28","1764767556_FACTURA (FV-1944) BERACA IMPORT Y LOGISTICA.pdf"
"526","FACTURA (FV-1945) BERACA IMPORT Y LOGISTICA","2025-11-28","1764767576_FACTURA (FV-1945) BERACA IMPORT Y LOGISTICA.pdf"
"527","ELEFANTE DECORATIVO (FACT-1944) ","2025-11-18","1764768826_ELEFANTE DECORATIVO (FACT-1944) B3-6681-1 , B3-6681-2 , B3-6681-3 , B3-6681-4 , B3-6681-5 , B3-6681-6 , B3-6681-7 , B3-6681-8 , B3-6681-9 , B3-6681-10 , B3-6681-11 , B3-6681-12 , B3-6681-13.pdf"
"528","BOLSO MORRAL (FACT-2002)","2025-12-09","1765837350_BOLSO MORRAL (FACT-2002) VE24502-1 , VE24502-2 , VE24502-3 , VE24502-4.pdf"
"529","FACTURA (FV-2002) BERACA IMPORT Y LOGISTICA","2025-12-15","1765837500_FACTURA (FV-2002) BERACA IMPORT Y LOGISTICA.pdf"
"530","FACTURA (FV-1972) BERACA IMPORT Y LOGISTICA","2025-12-05","1765837809_FACTURA (FV-1972) BERACA IMPORT Y LOGISTICA.pdf"
"531","JUGUETE ANIMALES (FACT-1972) ","2025-11-27","1766073077_JUGUETE ANIMALES (FACT-1972) 1856-3 , 1856-11.pdf"
"532","JUGUETES DE COCINA (FACT-1972) ","2025-11-27","1766073152_JUGUETES DE COCINA (FACT-1972) 1856-14 , 1856-27 , 1856-28 , 1856-36.pdf"
"533","MUÑECA (FACT-1972) ","2025-11-28","1766073200_MUÑECA (FACT-1972) 1856-5 , 1856-6 , 1856-7 , 1856-9 , 1856-20.pdf"
"534","SET DE BELLEZA(FACT-1972) ","2025-11-28","1766073249_SET DE BELLEZA(FACT-1972) 1856-21.pdf"
"535","AUDÍFONOS (FV-1308) ","2026-01-09","1769109875_AUDÍFONOS (FV-1308) EP-782 , EP-751 , EP-765 , EP-766 , EP-768 , EP-763 , EP-760 , BT-50 , BT-A6 , BT-A51 , KH-3 , A3 , BT-30452 , CA-2012 , EP-8804 , EP-8803 , EP-783 , EP-746 , EP-747 , EP-748.pdf"
"536","MICRÓFONO INALÁMBRICO (FV-1308) ","2026-01-10","1769109915_MICRÓFONO INALÁMBRICO (FV-1308) MIC-2 , MIC-3.pdf"
"537","CARGADOR PARA CELULAR (FV-1308) ","2026-01-09","1769109979_CARGADOR PARA CELULAR (FV-1308) CS-232-TYPEC , CS-232-V8 , CH-9039 , CH-9028 , CH-9041 , CH-9034 , S10-V8 , S10-TYPEC , CH-9025 , 35W-TYPEC , CH-9033.pdf"
"538","LÁPIZ ELECTRÓNICO (FV-1308) ","2026-01-10","1769110022_LÁPIZ ELECTRÓNICO (FV-1308) PEN-1.pdf"
"539","CABLE DE CARGA TIPO C (FV-1308)","2026-01-09","1769110217_CABLE DE CARGA TIPO C (FV-1308) EP-759 , CA-8063 , CA-8073 , CA-1020 , CA-2018 , CA-1012 , CA-899 , 889-V8 , CA-8061 , CA-8071 , CA-5023 , CA-5015.pdf"
"540","LINTERNAS (FV-1308) ","2026-01-10","1769110302_LINTERNAS (FV-1308) 1708 , ZJ1598-8 , FC-882 , YH-386 , CYL-9936 , 14637-1 , K08 , XY-8068 , 5146 , 5147 , 201 , 618 , 9936 , 101 , 1170 , 1173 , 1175 , 18601 , 001COB , 14582-1.pdf"
"541","FACTURA (FV-1308) SINOCOL SOLUCIONES Y LOGISTICAS","2026-01-20","1769114462_FACTURA (FV-1308) SINOCOL SOLUCIONES Y LOGISTICAS.pdf"
"542","VINCULO FACT 1308 (SINOCOL SOLUCIONES LOGISTICAS)","2026-01-17","1769114513_VINCULO FACT 1308 (SINOCOL SOLUCIONES LOGISTICAS).pdf"
"543","BILLETERA (FV-2155) ","2026-01-19","1769631860_BILLETERA (FV-2155) 10965-1 , 10965-3 ,10965-4 , 10965-5 , 10965-6 , 10965-7 , 10965-8 , 10965-9 , 10965-10 , 10965-11 , 10965-12 , 10965-13 , 10965-14 , 10965-15 , 10965-16 , 10965-17 , 10965-18.pdf"
"544","BOLSO MORRAL (FV-2155)","2026-01-15","1769632216_BOLSO MORRAL (FV-2155) 9903 , 085-3 , 085-4 , 085-1 , 085-2 , 1681 , E025-1 , 2240 , 899 , 2242 , 8901 , 8902 , 8903 , 6644 , 6647 , 016 , 986 , 970 , 0312 , 9305 , 9300 , 9677 , 9203 , 9301.pdf"
"545","BOLSO MORRAL (FV-58) ","2026-01-08","1770323242_BOLSO MORRAL (FV-58) ZS-0303 , ZS-0306 , ZS-0307 , ZS-0308 , ZS-0301 , X-609 , X-608 , X-607 , X-603 , 8175 , 853 , 653 , YXC967 , 936 , 8158 , SJQ137 , SJQ138 , SJQ140 , B102 , B101-3 , B101.pdf"
"546","FACTURA (FV-1311) SINOCOL SOLUCIONES LOGISTICAS SAS","2026-02-03","1770740313_FACTURA (FV-1311) SINOCOL SOLUCIONES LOGISTICAS SAS.pdf"
"547","VINCULO FACT 1311 (SINOCOL SOLUCIONES LOGISTICAS SAS)","2026-01-30","1770740373_VINCULO FACT 1311 (SINOCOL SOLUCIONES LOGISTICAS SAS).pdf"
"548","BOLSO MORRAL INFANTIL (FV-1311) ","2026-01-18","1770740465_BOLSO MORRAL INFANTIL (FV-1311) LSD97 , LSD98 , SNB-1 , SNB-2 , 3147 , 2626 , 3148 , 3145 , 3132 , 3135 , 3150 , 3152 , 3108.pdf"
"549","FACTURA (FV-58) KONSTRUCTORES ADMINISTRADORES Y CONSULTORES SAS","2026-01-30","1770901672_FACTURA (FV-58) KONSTRUCTORES ADMINISTRADORES Y CONSULTORES SAS.pdf"
"550","MONEDERO (FV-2185) ","2026-01-15","1770900542_MONEDERO (FV-2185) 10968-1 , 10968-2 , 10968-3 , 10968-4 , 10968-5 , 10968-6 , 10968-7 , 10968-8 , 10968-9 , 10968-10.pdf"
"551","BOLSO MORAAL (FV-2185) ","2026-01-16","1770740868_BOLSO MORAAL (FV-2185) H8177 , H8173 , S6560 , S6563.pdf"
"552","FACTURA (FV-2185) BERACA IMPORT Y LOGISTICA","2026-02-06","1770741320_FACTURA (FV-2185) BERACA IMPORT Y LOGISTICA.pdf"
"553","FACTURA (FV-2155) BERACA IMPORT Y LOGISTICA SAS","2026-01-27","1770901741_FACTURA (FV-2155) BERACA IMPORT Y LOGISTICA SAS.pdf"
"554","BOLSO MANO LIBRE (FV-2185)","2026-01-14","1770914508_BOLSO MANO LIBRE (FV-2185) V90-4 , V90-6 , 57896 , 57989 , P988 , P986 , P985 , P999 , P998 , P997 , V3-3011 , V3-3008 , P700 , P703 , G1435-1 , G1435-2.pdf"
"555","MONEDERO (FV-2185) ","2026-01-15","1770914563_MONEDERO (FV-2185) 10968-1 , 10968-2 , 10968-3 , 10968-4 , 10968-5 , 10968-6 , 10968-7 , 10968-8 , 10968-9 , 10968-10.pdf"
"556","BOLSO MORAAL (FV-2185) ","2026-01-13","1770914635_BOLSO MORAAL (FV-2185) H8177 , H8173 , S6560 , S6563.pdf"
